pxObjClass,pxColumnName,pyPropertyName_RH,pyColumnName_RH,pxPropertyName,_REPEATINGINDEX
Embed-ColumnMapping,VLOC_SUM_ACCT_LIMT,VLOCSumAccountLimit,VLOC_SUM_ACCT_LIMT,VLOCSumAccountLimit,1
Embed-ColumnMapping,PARTITIONKEY,.PartitionKey,PARTITIONKEY,.PartitionKey,2
Embed-ColumnMapping,COUNT_VLOC_NUM,VLOCCount,COUNT_VLOC_NUM,VLOCCount,3
Embed-ColumnMapping,SUM_ACCT_BALN_PDCT_VLOC_AMT,VLOCAccountBalance,SUM_ACCT_BALN_PDCT_VLOC_AMT,VLOCAccountBalance,4
Embed-ColumnMapping,VFP_SAVINGS,ValueFinPosSavings,VFP_SAVINGS,ValueFinPosSavings,5
Embed-ColumnMapping,VFP_POD_SCORE,ValueFinPosPersonalOverdraft,VFP_POD_SCORE,ValueFinPosPersonalOverdraft,6
Embed-ColumnMapping,VFP_PL_SCORE,ValueFinPosPersonalLoans,VFP_PL_SCORE,ValueFinPosPersonalLoans,7
Embed-ColumnMapping,VFP_PERS_CC_SCORE,ValueFinPosPersonalCC,VFP_PERS_CC_SCORE,ValueFinPosPersonalCC,8
Embed-ColumnMapping,VFP_MISSING_DTL,ValueFinPosMissingCustDetails,VFP_MISSING_DTL,ValueFinPosMissingCustDetails,9
Embed-ColumnMapping,VFP_FHC_PR,ValueFinPoslFHCPremier,VFP_FHC_PR,ValueFinPoslFHCPremier,10
Embed-ColumnMapping,VFP_PL_APP_INCOMP,ValueFinPosIncompleteAppPL,VFP_PL_APP_INCOMP,ValueFinPosIncompleteAppPL,11
Embed-ColumnMapping,VFP_HL_SCORE,ValueFinPosHomeLoans,VFP_HL_SCORE,ValueFinPosHomeLoans,12
Embed-ColumnMapping,VFP_FHC_MSS_SCORE,ValueFinPosFHCMass,VFP_FHC_MSS_SCORE,ValueFinPosFHCMass,13
Embed-ColumnMapping,VFP_FHC_CUST_CHCK,ValueFinPosFHCCustCheckIn,VFP_FHC_CUST_CHCK,ValueFinPosFHCCustCheckIn,14
Embed-ColumnMapping,VFP_FHC_CHCKIN_PR,ValueFinPosFHCCheckInPremier,VFP_FHC_CHCKIN_PR,ValueFinPosFHCCheckInPremier,15
Embed-ColumnMapping,VFP_CLV,ValueFinPosClv,VFP_CLV,ValueFinPosClv,16
Embed-ColumnMapping,VFP_CLI_SCORE,ValueFinPosCLI,VFP_CLI_SCORE,ValueFinPosCLI,17
Embed-ColumnMapping,UL_OFI_FLAG,UnLOFIFlag,UL_OFI_FLAG,UnLOFIFlag,18
Embed-ColumnMapping,TRX_SUM_OVDR_APP_FEES_AMT,TxAccountSumODApprovalFees,TRX_SUM_OVDR_APP_FEES_AMT,TxAccountSumODApprovalFees,19
Embed-ColumnMapping,TRAN_SUM_DISHONOUR_FEES_AMT,TxAccountSumDishonourFees,TRAN_SUM_DISHONOUR_FEES_AMT,TxAccountSumDishonourFees,20
Embed-ColumnMapping,TRAN_ACCT_BALN_AMT,TransactionAccountBalance,TRAN_ACCT_BALN_AMT,TransactionAccountBalance,21
Embed-ColumnMapping,PAID_SUPER_INS_3_MONTHS_F,SuperOrInsPaidToOFILast3Months,PAID_SUPER_INS_3_MONTHS_F,SuperOrInsPaidToOFILast3Months,22
Embed-ColumnMapping,RETAIL_SAVINGS_ACCT_BAL_SUM,SumRetailSavingsAccount,RETAIL_SAVINGS_ACCT_BAL_SUM,SumRetailSavingsAccount,23
Embed-ColumnMapping,PERSONAL_TRAN_ACCT_BAL_SUM,SumPrslTransactionAccount,PERSONAL_TRAN_ACCT_BAL_SUM,SumPrslTransactionAccount,24
Embed-ColumnMapping,SUM_FEES_MNTH_ACCT_AMT,SumMonthlyAccountKeepingFees,SUM_FEES_MNTH_ACCT_AMT,SumMonthlyAccountKeepingFees,25
Embed-ColumnMapping,CUST_SURB,Suburb,CUST_SURB,Suburb,26
Embed-ColumnMapping,CUST_STUS_FATC,StatusCodeFATC,CUST_STUS_FATC,StatusCodeFATC,27
Embed-ColumnMapping,CUST_STAT_CODE,StateCode,CUST_STAT_CODE,StateCode,28
Embed-ColumnMapping,CUST_START_DATE,StartDate,CUST_START_DATE,StartDate,29
Embed-ColumnMapping,STAFF_FAIL_ID_CUST,StaffFailIDCust,STAFF_FAIL_ID_CUST,StaffFailIDCust,30
Embed-ColumnMapping,SA_NT_PILOT_CUSTOMER_FLAG,SouthAusNortTerPilotCust,SA_NT_PILOT_CUSTOMER_FLAG,SouthAusNortTerPilotCust,31
Embed-ColumnMapping,SMAL_BUSN_CUST,SmallBusinessCustomer,SMAL_BUSN_CUST,SmallBusinessCustomer,32
Embed-ColumnMapping,SIMPLE_HOME_SEEKER_FLAG_CNT,SimpleHomeSeekerFlagCount,SIMPLE_HOME_SEEKER_FLAG_CNT,SimpleHomeSeekerFlagCount,33
Embed-ColumnMapping,SBO_APPT_LAST_REFER_DATE,SBOLastReferredDate,SBO_APPT_LAST_REFER_DATE,SBOLastReferredDate,34
Embed-ColumnMapping,SBO_FLAG,SboFlag,SBO_FLAG,SboFlag,35
Embed-ColumnMapping,SAVINGS_ACCT_BALN_AMT,SavingsAccountPersonalBalance,SAVINGS_ACCT_BALN_AMT,SavingsAccountPersonalBalance,36
Embed-ColumnMapping,RURL_AGRI_BUSN_CUST,RurlAgriBusnCustomer,RURL_AGRI_BUSN_CUST,RurlAgriBusnCustomer,37
Embed-ColumnMapping,RM_ID,RMId,RM_ID,RMId,38
Embed-ColumnMapping,RM_ID,RMId,RM_ID,RMId,39
Embed-ColumnMapping,RM_ID,RMId,RM_ID,RMId,40
Embed-ColumnMapping,RETURN_TO_SENDER_F,ReturnToSenderFlag,RETURN_TO_SENDER_F,ReturnToSenderFlag,41
Embed-ColumnMapping,PROP_MODL_HL_TOP_UP,PropModlHLTopUp,PROP_MODL_HL_TOP_UP,PropModlHLTopUp,42
Embed-ColumnMapping,PROP_MODL_HL_REDRAW,PropModlHLRedraw,PROP_MODL_HL_REDRAW,PropModlHLRedraw,43
Embed-ColumnMapping,PROP_MODL_HL_FIX_RATE_MTUR,PropModlHLFixRateMaturity,PROP_MODL_HL_FIX_RATE_MTUR,PropModlHLFixRateMaturity,44
Embed-ColumnMapping,PROP_MODL_HL_EXT_RFNC_90_180,PropModlHLExtRfnc90To180,PROP_MODL_HL_EXT_RFNC_90_180,PropModlHLExtRfnc90To180,45
Embed-ColumnMapping,PROP_MODL_HL_EXT_RFNC_0_90,PropModlHLExtRfnc0To90,PROP_MODL_HL_EXT_RFNC_0_90,PropModlHLExtRfnc0To90,46
Embed-ColumnMapping,PROP_MODL_HL_ACQ_SWIT,PropModlHlAcqSwit,PROP_MODL_HL_ACQ_SWIT,PropModlHlAcqSwit,47
Embed-ColumnMapping,PROP_MODL_CFP_ACQ,PropModlCFPAcquisition,PROP_MODL_CFP_ACQ,PropModlCFPAcquisition,48
Embed-ColumnMapping,PROP_MODL_CFP_ACQ,PropModlCFPAcquisition,PROP_MODL_CFP_ACQ,PropModlCFPAcquisition,49
Embed-ColumnMapping,PROP_MODEL_SBOD,PropensitySimpleBusnOvrd,PROP_MODEL_SBOD,PropensitySimpleBusnOvrd,50
Embed-ColumnMapping,PROPENSITY_MODEL_SAVINGS,PropensitySavings,PROPENSITY_MODEL_SAVINGS,PropensitySavings,51
Embed-ColumnMapping,PROP_MODEL_SALARYCREDIT,PropensitySalaryCredit,PROP_MODEL_SALARYCREDIT,PropensitySalaryCredit,52
Embed-ColumnMapping,PROPENSITY_MODEL_POD_SCORE,PropensityPersonalOverdraft,PROPENSITY_MODEL_POD_SCORE,PropensityPersonalOverdraft,53
Embed-ColumnMapping,PROPENSITY_MODEL_PL_SCORE,PropensityPersonalLoans,PROPENSITY_MODEL_PL_SCORE,PropensityPersonalLoans,54
Embed-ColumnMapping,PROP_MODEL_PERS_CC_SCORE,PropensityPersonalCC,PROP_MODEL_PERS_CC_SCORE,PropensityPersonalCC,55
Embed-ColumnMapping,PROP_MODEL_NB_REGR,PropensityNetbankRegistration,PROP_MODEL_NB_REGR,PropensityNetbankRegistration,56
Embed-ColumnMapping,PROPENSITY_MODEL_MISSING_DTL,PropensityMissingCustDetail,PROPENSITY_MODEL_MISSING_DTL,PropensityMissingCustDetail,57
Embed-ColumnMapping,PROP_MODEL_LOANPROTECTION,PropensityLoanProtection,PROP_MODEL_LOANPROTECTION,PropensityLoanProtection,58
Embed-ColumnMapping,PROP_MODEL_PL_APP_INCOMP,PropensityIncompleteAppPL,PROP_MODEL_PL_APP_INCOMP,PropensityIncompleteAppPL,59
Embed-ColumnMapping,PROPENSITY_MODEL_HL_SCORE,PropensityHomeLoans,PROPENSITY_MODEL_HL_SCORE,PropensityHomeLoans,60
Embed-ColumnMapping,PROP_MODEL_HOMEINSURANCE,PropensityHomeInsurance,PROP_MODEL_HOMEINSURANCE,PropensityHomeInsurance,61
Embed-ColumnMapping,PROPENSITY_MODEL_FHC_PR,PropensityFHCPremier,PROPENSITY_MODEL_FHC_PR,PropensityFHCPremier,62
Embed-ColumnMapping,PROP_MODEL_FHC_MSS_SCORE,PropensityFHCMass,PROP_MODEL_FHC_MSS_SCORE,PropensityFHCMass,63
Embed-ColumnMapping,PROP_MODEL_FHC_CUST_CHCK,PropensityFHCCustCheckIn,PROP_MODEL_FHC_CUST_CHCK,PropensityFHCCustCheckIn,64
Embed-ColumnMapping,PROP_MODEL_FHC_CHCKIN_PR,PropensityFHCCheckInPremier,PROP_MODEL_FHC_CHCKIN_PR,PropensityFHCCheckInPremier,65
Embed-ColumnMapping,PROP_MODEL_EVERYDAYOFFSET,PropensityEverydayOffset,PROP_MODEL_EVERYDAYOFFSET,PropensityEverydayOffset,66
Embed-ColumnMapping,PROPENSITY_MODEL_CLI_SCORE,PropensityCLI,PROPENSITY_MODEL_CLI_SCORE,PropensityCLI,67
Embed-ColumnMapping,PROP_MODEL_CCAUTOPAY,PropensityCCAutoPay,PROP_MODEL_CCAUTOPAY,PropensityCCAutoPay,68
Embed-ColumnMapping,PROP_MODEL_CBA_APP,PropensityCbaApp,PROP_MODEL_CBA_APP,PropensityCbaApp,69
Embed-ColumnMapping,PROPENSITY_MODEL_BPAY,PropensityBpay,PROPENSITY_MODEL_BPAY,PropensityBpay,70
Embed-ColumnMapping,PRVT_BNKNG_CUST,PrivateBankingCustomer,PRVT_BNKNG_CUST,PrivateBankingCustomer,71
Embed-ColumnMapping,PREV_MNTH_SLRY_AMT,PreviousMonthSalary,PREV_MNTH_SLRY_AMT,PreviousMonthSalary,72
Embed-ColumnMapping,PREV_MNTH_MINUS_TWO_SLRY_AMT,PreviousMonthMinusTwoSalary,PREV_MNTH_MINUS_TWO_SLRY_AMT,PreviousMonthMinusTwoSalary,73
Embed-ColumnMapping,PREV_MNTH_MINUS_ONE_SLRY_AMT,PreviousMonthMinusOneSalary,PREV_MNTH_MINUS_ONE_SLRY_AMT,PreviousMonthMinusOneSalary,74
Embed-ColumnMapping,PRE_SELECT_CREDIT_CARD_FLAG,PreSelectCreditCard,PRE_SELECT_CREDIT_CARD_FLAG,PreSelectCreditCard,75
Embed-ColumnMapping,PREMIER_BNKNG_CUST,PremierBankingCustomer,PREMIER_BNKNG_CUST,PremierBankingCustomer,76
Embed-ColumnMapping,CUST_POST_CODE,PostCode,CUST_POST_CODE,PostCode,77
Embed-ColumnMapping,PORTFOLIO_ID,PortfolioId,PORTFOLIO_ID,PortfolioId,78
Embed-ColumnMapping,PROP_APP_UPFR_CALO_USGE_07,PopertyAppUpfrontCalcUsge07,PROP_APP_UPFR_CALO_USGE_07,PopertyAppUpfrontCalcUsge07,79
Embed-ColumnMapping,PROP_APP_SRCH_90,PopertyAppSearchCount90,PROP_APP_SRCH_90,PopertyAppSearchCount90,80
Embed-ColumnMapping,PROP_APP_SRCH_30,PopertyAppSearchCount30,PROP_APP_SRCH_30,PopertyAppSearchCount30,81
Embed-ColumnMapping,PROP_APP_SRCH_07,PopertyAppSearchCount07,PROP_APP_SRCH_07,PopertyAppSearchCount07,82
Embed-ColumnMapping,PROP_APP_RPAY_CALO_USGE_07,PopertyAppRpayCalcUsge07,PROP_APP_RPAY_CALO_USGE_07,PopertyAppRpayCalcUsge07,83
Embed-ColumnMapping,PROP_APP_REGR_DATE,PopertyAppRegistrationDate,PROP_APP_REGR_DATE,PopertyAppRegistrationDate,84
Embed-ColumnMapping,PROP_APP_FVRT_CNT_90,PopertyAppFavouriteCount90,PROP_APP_FVRT_CNT_90,PopertyAppFavouriteCount90,85
Embed-ColumnMapping,PROP_APP_FVRT_CNT_30,PopertyAppFavouriteCount30,PROP_APP_FVRT_CNT_30,PopertyAppFavouriteCount30,86
Embed-ColumnMapping,PROP_APP_FVRT_CNT_07,PopertyAppFavouriteCount07,PROP_APP_FVRT_CNT_07,PopertyAppFavouriteCount07,87
Embed-ColumnMapping,PROP_APP_CALO_USGE_90,PopertyAppCalculatorUsge90,PROP_APP_CALO_USGE_90,PopertyAppCalculatorUsge90,88
Embed-ColumnMapping,PROP_APP_CALO_USGE_30,PopertyAppCalculatorUsge30,PROP_APP_CALO_USGE_30,PopertyAppCalculatorUsge30,89
Embed-ColumnMapping,PROP_APP_CALO_USGE_07,PopertyAppCalculatorUsge07,PROP_APP_CALO_USGE_07,PopertyAppCalculatorUsge07,90
Embed-ColumnMapping,PROP_APP_BORR_CALO_USGE_07,PopertyAppBorrowCalcUsge07,PROP_APP_BORR_CALO_USGE_07,PopertyAppBorrowCalcUsge07,91
Embed-ColumnMapping,PL_SUM_AMT_BRWD_AMT,PLSumAmountBorrowed,PL_SUM_AMT_BRWD_AMT,PLSumAmountBorrowed,92
Embed-ColumnMapping,CSC_PL_RISK_STUS,PLRiskApprovalStatus,CSC_PL_RISK_STUS,PLRiskApprovalStatus,93
Embed-ColumnMapping,PL_DTDR_FREQ,PLRepayFreq,PL_DTDR_FREQ,PLRepayFreq,94
Embed-ColumnMapping,NOT_CLOSED_PL_LAST_3_MONTHS,PLNotClosedInLast3Months,NOT_CLOSED_PL_LAST_3_MONTHS,PLNotClosedInLast3Months,95
Embed-ColumnMapping,PL_MIN_RPAY_PERC,PLMinPercentRepaid,PL_MIN_RPAY_PERC,PLMinPercentRepaid,96
Embed-ColumnMapping,PL_MAX_RPAY_PERC,PLMaxPercentRepaid,PL_MAX_RPAY_PERC,PLMaxPercentRepaid,97
Embed-ColumnMapping,PL_CNT_NUM,PLCount,PL_CNT_NUM,PLCount,98
Embed-ColumnMapping,PL_LST_APPT_STUS_CODE,PLAppStatus,PL_LST_APPT_STUS_CODE,PLAppStatus,99
Embed-ColumnMapping,PL_APPT_WITH_OFI_HL_FLAG,PLApplnWithOFIHLFlag,PL_APPT_WITH_OFI_HL_FLAG,PLApplnWithOFIHLFlag,100
Embed-ColumnMapping,PL_LAST_APPT_STUS_CODE,PLApplicationStatus,PL_LAST_APPT_STUS_CODE,PLApplicationStatus,101
Embed-ColumnMapping,PL_LAST_APPT_UPDT_DATE,PLApplicationLastUpdateDate,PL_LAST_APPT_UPDT_DATE,PLApplicationLastUpdateDate,102
Embed-ColumnMapping,PL_APPT_ID,PLApplicationId,PL_APPT_ID,PLApplicationId,103
Embed-ColumnMapping,PL_LAST_APPT_CHNL_ID,PLApplicationChannel,PL_LAST_APPT_CHNL_ID,PLApplicationChannel,104
Embed-ColumnMapping,PL_LST_APPT_UPDT_DATE,PLAppLastUpdateDate,PL_LST_APPT_UPDT_DATE,PLAppLastUpdateDate,105
Embed-ColumnMapping,PL_LST_APPT_CHNL_ID,PLAppChannel,PL_LST_APPT_CHNL_ID,PLAppChannel,106
Embed-ColumnMapping,CUST_PHYS_LOCN,PhysicalLocation,CUST_PHYS_LOCN,PhysicalLocation,107
Embed-ColumnMapping,PERSONAL_CARD_FMLY_MAX_LIMIT,PersonalCardFamilyMaxLimit,PERSONAL_CARD_FMLY_MAX_LIMIT,PersonalCardFamilyMaxLimit,108
Embed-ColumnMapping,CUST_PATY_CODE,PatyCode,CUST_PATY_CODE,PatyCode,109
Embed-ColumnMapping,OPT_OUT_MKT_F,OptOutMarketing,OPT_OUT_MKT_F,OptOutMarketing,110
Embed-ColumnMapping,OPT_OUT_EMAIL_PROD_UPGD,OptOutEmailProdUpgd,OPT_OUT_EMAIL_PROD_UPGD,OptOutEmailProdUpgd,111
Embed-ColumnMapping,OPT_OUT_EMAIL_NEW_PROD,OptOutEmailNewProd,OPT_OUT_EMAIL_NEW_PROD,OptOutEmailNewProd,112
Embed-ColumnMapping,OPT_OUT_EMAIL_F,OptOutEmail,OPT_OUT_EMAIL_F,OptOutEmail,113
Embed-ColumnMapping,OPT_OUT_DM_F,OptOutDM,OPT_OUT_DM_F,OptOutDM,114
Embed-ColumnMapping,ONB_PRSL_TRAN_ACCT_CNT,ONBPrslTransactionAcctCount,ONB_PRSL_TRAN_ACCT_CNT,ONBPrslTransactionAcctCount,115
Embed-ColumnMapping,ONB_PRSL_SAVE_ACCT_CNT,ONBPersonalSavingsAcctCount,ONB_PRSL_SAVE_ACCT_CNT,ONBPersonalSavingsAcctCount,116
Embed-ColumnMapping,ONB_PRSL_SAV_ACCT_DEP_3M_CNT,ONBPerslSaveAcctDeposit3M,ONB_PRSL_SAV_ACCT_DEP_3M_CNT,ONBPerslSaveAcctDeposit3M,117
Embed-ColumnMapping,ONB_PRSL_SAVE_ACCT_BALN_SUM,ONBPerslSaveAcctBalanceSum,ONB_PRSL_SAVE_ACCT_BALN_SUM,ONBPerslSaveAcctBalanceSum,118
Embed-ColumnMapping,OFI_MNLY_PAYT_GT_1K_FLAG,OFIMonthlyPaymentOver1kFlag,OFI_MNLY_PAYT_GT_1K_FLAG,OFIMonthlyPaymentOver1kFlag,119
Embed-ColumnMapping,NO_RISK_INS_F,NoRiskInsurance,NO_RISK_INS_F,NoRiskInsurance,120
Embed-ColumnMapping,NO_MOBILE_RECORDED,NoMobileContactRecorded,NO_MOBILE_RECORDED,NoMobileContactRecorded,121
Embed-ColumnMapping,NO_LPI_F,NoLPI,NO_LPI_F,NoLPI,122
Embed-ColumnMapping,INS_NOT_REVWD_5_YEARS_F,NoInsReviewedInOver5Years,INS_NOT_REVWD_5_YEARS_F,NoInsReviewedInOver5Years,123
Embed-ColumnMapping,NO_HOME_CONTACT_RECORDED,NoHomeContactRecorded,NO_HOME_CONTACT_RECORDED,NoHomeContactRecorded,124
Embed-ColumnMapping,NO_FHC_LAST_6_MONTHS,NoFHCInLast6Months,NO_FHC_LAST_6_MONTHS,NoFHCInLast6Months,125
Embed-ColumnMapping,NO_FHC_12_MONTHS_F,NoFHCCompletedInLast12Months,NO_FHC_12_MONTHS_F,NoFHCCompletedInLast12Months,126
Embed-ColumnMapping,NO_EMAIL_RECORDED,NoEmailAddressRecorded,NO_EMAIL_RECORDED,NoEmailAddressRecorded,127
Embed-ColumnMapping,NO_CONTACT_CALL_C_3_MONTHS_F,NoContactWithCCLast3Months,NO_CONTACT_CALL_C_3_MONTHS_F,NoContactWithCCLast3Months,128
Embed-ColumnMapping,NO_CONTACT_BRANCH_3_MONTHS,NoContactWithBranchLast3Month,NO_CONTACT_BRANCH_3_MONTHS,NoContactWithBranchLast3Month,129
Embed-ColumnMapping,HL_LOW_DOC_START_DATE,MinStartDateLowDocHL,HL_LOW_DOC_START_DATE,MinStartDateLowDocHL,130
Embed-ColumnMapping,MIN_SETL_DATE_PL,MinSetlDatePL,MIN_SETL_DATE_PL,MinSetlDatePL,131
Embed-ColumnMapping,MIN_SETL_DATE_HL,MinSetlDateHL,MIN_SETL_DATE_HL,MinSetlDateHL,132
Embed-ColumnMapping,MIN_PERS_VISA_ISSU_DATE,MinPersVisaIssueDate,MIN_PERS_VISA_ISSU_DATE,MinPersVisaIssueDate,133
Embed-ColumnMapping,MIN_PERS_MC_ISSU_DATE,MinPersMCIssueDate,MIN_PERS_MC_ISSU_DATE,MinPersMCIssueDate,134
Embed-ColumnMapping,MIN_ROLL_OFF_IO_DT_HL_DT,MinimumHLIORollOffDates,MIN_ROLL_OFF_IO_DT_HL_DT,MinimumHLIORollOffDates,135
Embed-ColumnMapping,MIN_DTDR_DUE_DATE_PL,MinDueDatePL,MIN_DTDR_DUE_DATE_PL,MinDueDatePL,136
Embed-ColumnMapping,MIN_DTDR_DUE_DATE_HL,MinDueDateHL,MIN_DTDR_DUE_DATE_HL,MinDueDateHL,137
Embed-ColumnMapping,CC_PRS_MIN_USAGE,MinCreditCardUsagePersonal,CC_PRS_MIN_USAGE,MinCreditCardUsagePersonal,138
Embed-ColumnMapping,CC_BUS_MIN_USAGE,MinCreditCardUsageBusiness,CC_BUS_MIN_USAGE,MinCreditCardUsageBusiness,139
Embed-ColumnMapping,MIGRATED_TO_CEP,MigratedToCEP,MIGRATED_TO_CEP,MigratedToCEP,140
Embed-ColumnMapping,MAX_PERS_MC_ISSU_DATE,MaxPersMCIssueDate,MAX_PERS_MC_ISSU_DATE,MaxPersMCIssueDate,141
Embed-ColumnMapping,MAX_DTDR_DUE_DATE_PL,MaxDueDatePL,MAX_DTDR_DUE_DATE_PL,MaxDueDatePL,142
Embed-ColumnMapping,MAX_DTDR_DUE_DATE_HL,MaxDueDateHL,MAX_DTDR_DUE_DATE_HL,MaxDueDateHL,143
Embed-ColumnMapping,CC_PERS_MAX_USAGE,MaxCreditCardusagePersonal,CC_PERS_MAX_USAGE,MaxCreditCardusagePersonal,144
Embed-ColumnMapping,CC_BUS_MAX_USAGE,MaxCreditCardUsageBusiness,CC_BUS_MAX_USAGE,MaxCreditCardUsageBusiness,145
Embed-ColumnMapping,CUST_MARI_STUS_CODE,MaritalStatus,CUST_MARI_STUS_CODE,MaritalStatus,146
Embed-ColumnMapping,MAND_EXCL_LIST_TYPE,MandatoryExclusionList,MAND_EXCL_LIST_TYPE,MandatoryExclusionList,147
Embed-ColumnMapping,MANDATORY_DO_NOT_CONTACT_F,MandatoryDoNotContact,MANDATORY_DO_NOT_CONTACT_F,MandatoryDoNotContact,148
Embed-ColumnMapping,LOCL_BUSN_BANK_CUST,LoclBusnBankingCustomer,LOCL_BUSN_BANK_CUST,LoclBusnBankingCustomer,149
Embed-ColumnMapping,LIQD_CASH_BALN,LiquidCashBalance,LIQD_CASH_BALN,LiquidCashBalance,150
Embed-ColumnMapping,FHC_LTST_RECD_TIME,LatestFHCStatusUpdateTime,FHC_LTST_RECD_TIME,LatestFHCStatusUpdateTime,151
Embed-ColumnMapping,FHC_LTST_RECD_STUS,LatestFHCStatus,FHC_LTST_RECD_STUS,LatestFHCStatus,152
Embed-ColumnMapping,LAST_FHC_COMT_TIME,LastFHCComplDateTime,LAST_FHC_COMT_TIME,LastFHCComplDateTime,153
Embed-ColumnMapping,THIRD_PARTY_CUST,IsThirdPartyCustomer,THIRD_PARTY_CUST,IsThirdPartyCustomer,154
Embed-ColumnMapping,IS_STUDENT,IsStudent,IS_STUDENT,IsStudent,155
Embed-ColumnMapping,CBA_STAFF_F,IsStaff,CBA_STAFF_F,IsStaff,156
Embed-ColumnMapping,RM_F,IsRelationshipManaged,RM_F,IsRelationshipManaged,157
Embed-ColumnMapping,RBS_FLAG,IsRBSCustomer,RBS_FLAG,IsRBSCustomer,158
Embed-ColumnMapping,IS_PRIM_CTCT_FLAG,IsPrimaryContactFlag,IS_PRIM_CTCT_FLAG,IsPrimaryContactFlag,159
Embed-ColumnMapping,OVERSEAS,IsOverseas,OVERSEAS,IsOverseas,160
Embed-ColumnMapping,IS_NEW_TO_BANK,IsNewToBanK,IS_NEW_TO_BANK,IsNewToBanK,161
Embed-ColumnMapping,LRGE_DEP_7_DAYS_AMT,IsLargeDepositInLast7Days,LRGE_DEP_7_DAYS_AMT,IsLargeDepositInLast7Days,162
Embed-ColumnMapping,GOVT_BEN_F,IsGovermentBenefitReceiver,GOVT_BEN_F,IsGovermentBenefitReceiver,163
Embed-ColumnMapping,EZY_ONLY_CUST_F,IsEzyOnlyCustomer,EZY_ONLY_CUST_F,IsEzyOnlyCustomer,164
Embed-ColumnMapping,IS_DECL_HL_PL_LST_30_DAYS,IsDeclinedForHLPLInLastMonth,IS_DECL_HL_PL_LST_30_DAYS,IsDeclinedForHLPLInLastMonth,165
Embed-ColumnMapping,IS_DECL_CC_LAST_30_DAYS_F,IsDeclinedForCCInLastMonth,IS_DECL_CC_LAST_30_DAYS_F,IsDeclinedForCCInLastMonth,166
Embed-ColumnMapping,DECD_TRST_F,IsDeceasedEstate,DECD_TRST_F,IsDeceasedEstate,167
Embed-ColumnMapping,IS_ORG_F,IsCustomerOrganisation,IS_ORG_F,IsCustomerOrganisation,168
Embed-ColumnMapping,CLI_CONSENT_F,IsCLIConsent,CLI_CONSENT_F,IsCLIConsent,169
Embed-ColumnMapping,BUSN_CUST_F,IsBusinessCustomer,BUSN_CUST_F,IsBusinessCustomer,170
Embed-ColumnMapping,BIRTHDAY_FLAG,IsBirthdayToday,BIRTHDAY_FLAG,IsBirthdayToday,171
Embed-ColumnMapping,BEN_ONLY_CUST_F,IsBeneficiaryOnly,BEN_ONLY_CUST_F,IsBeneficiaryOnly,172
Embed-ColumnMapping,AGE_UNKN_F,IsAgeUnknown,AGE_UNKN_F,IsAgeUnknown,173
Embed-ColumnMapping,INVALID_MOBILE_NUMBER,InvalidMobileNumber,INVALID_MOBILE_NUMBER,InvalidMobileNumber,174
Embed-ColumnMapping,INVALID_HOME_CONTACT,InvalidHomeContact,INVALID_HOME_CONTACT,InvalidHomeContact,175
Embed-ColumnMapping,INVALID_EMAIL,InvalidEmailAddress,INVALID_EMAIL,InvalidEmailAddress,176
Embed-ColumnMapping,EVNT_MARR_DATE_EXPY,InsightWeddingTargetDate,EVNT_MARR_DATE_EXPY,InsightWeddingTargetDate,177
Embed-ColumnMapping,EVT_VHCL_DATE_EXPY,InsightVehicleTargetDate,EVT_VHCL_DATE_EXPY,InsightVehicleTargetDate,178
Embed-ColumnMapping,EVT_TRVL_DATE_EXPY,InsightTravelTargetDate,EVT_TRVL_DATE_EXPY,InsightTravelTargetDate,179
Embed-ColumnMapping,EVT_STDY_DATE_EXPY,InsightStudyTargetDate,EVT_STDY_DATE_EXPY,InsightStudyTargetDate,180
Embed-ColumnMapping,EVNT_RTER_DATE_EXPY,InsightRetireTargetDate,EVNT_RTER_DATE_EXPY,InsightRetireTargetDate,181
Embed-ColumnMapping,EVT_RNVT_DATE_EXPY,InsightRennovateTargetDate,EVT_RNVT_DATE_EXPY,InsightRennovateTargetDate,182
Embed-ColumnMapping,EVNT_DEBT_DATE_EXPY,InsightReduceDebtTargetDate,EVNT_DEBT_DATE_EXPY,InsightReduceDebtTargetDate,183
Embed-ColumnMapping,EVNT_NEW_JOB_DATE_EXPY,InsightNewJobTargetDate,EVNT_NEW_JOB_DATE_EXPY,InsightNewJobTargetDate,184
Embed-ColumnMapping,EVNT_NEW_BUSN_DATE_EXPY,InsightNewBusTargetDate,EVNT_NEW_BUSN_DATE_EXPY,InsightNewBusTargetDate,185
Embed-ColumnMapping,EVNT_HAVN_BABY_DATE_EXPY,InsightNewBabyTargetDate,EVNT_HAVN_BABY_DATE_EXPY,InsightNewBabyTargetDate,186
Embed-ColumnMapping,EVT_HOME_DATE_EXPY,InsightHomeTargetDate,EVT_HOME_DATE_EXPY,InsightHomeTargetDate,187
Embed-ColumnMapping,EVNT_WDFL_DATE_EXPY,InsightGrowBusinessTargetDate,EVNT_WDFL_DATE_EXPY,InsightGrowBusinessTargetDate,188
Embed-ColumnMapping,EVT_EDCN_DATE_EXPY,InsightEducationTargetDate,EVT_EDCN_DATE_EXPY,InsightEducationTargetDate,189
Embed-ColumnMapping,EVNT_CLSE_BUSN_DATE_EXPY,InsightCloseBusTargetDate,EVNT_CLSE_BUSN_DATE_EXPY,InsightCloseBusTargetDate,190
Embed-ColumnMapping,EVNT_OZ_DATE_EXPY,InsightArriveOzTargetDate,EVNT_OZ_DATE_EXPY,InsightArriveOzTargetDate,191
Embed-ColumnMapping,HOME_SEEKER_FLAG_CNT,HomeSeekerFlagCount,HOME_SEEKER_FLAG_CNT,HomeSeekerFlagCount,192
Embed-ColumnMapping,SUM_ACCT_BALN_HL_AMT,HomeLoanAccountBalance,SUM_ACCT_BALN_HL_AMT,HomeLoanAccountBalance,193
Embed-ColumnMapping,HL_VLOC_HOME_BUYER_APPT_CNT,HLVLOCApplicationCount,HL_VLOC_HOME_BUYER_APPT_CNT,HLVLOCApplicationCount,194
Embed-ColumnMapping,CMSE_HL_TU_LTST_STUS,HLTopUpAppStatus,CMSE_HL_TU_LTST_STUS,HLTopUpAppStatus,195
Embed-ColumnMapping,HL_TOP_UP_APPT_ID,HLTopupApplicationId,HL_TOP_UP_APPT_ID,HLTopupApplicationId,196
Embed-ColumnMapping,CMSE_HL_TU_CHNL_LAST_DATE,HLTopUpAppLastDate,CMSE_HL_TU_CHNL_LAST_DATE,HLTopUpAppLastDate,197
Embed-ColumnMapping,CMSE_HL_TU_CHNL_ID,HLTopUpAppChannel,CMSE_HL_TU_CHNL_ID,HLTopUpAppChannel,198
Embed-ColumnMapping,HL_SUM_AMT_BRWD_AMT,HLSumAmountBorrowed,HL_SUM_AMT_BRWD_AMT,HLSumAmountBorrowed,199
Embed-ColumnMapping,HL_SVR_REDRAW_BAL_MIN,HLStandardVRRedrawBalMin,HL_SVR_REDRAW_BAL_MIN,HLStandardVRRedrawBalMin,200
Embed-ColumnMapping,HL_SVR_REDRAW_BAL_MAX,HLStandardVRRedrawBalMax,HL_SVR_REDRAW_BAL_MAX,HLStandardVRRedrawBalMax,201
Embed-ColumnMapping,HL_RETN_PROP_SOLD_90,HLRetentionPropSold90,HL_RETN_PROP_SOLD_90,HLRetentionPropSold90,202
Embed-ColumnMapping,HL_DTDR_FREQ,HLRepayFreq,HL_DTDR_FREQ,HLRepayFreq,203
Embed-ColumnMapping,HL_RSVR_REDRAW_BAL_MIN,HLRateSaverVRRedrawBalMin,HL_RSVR_REDRAW_BAL_MIN,HLRateSaverVRRedrawBalMin,204
Embed-ColumnMapping,HL_RSVR_REDRAW_BAL_MAX,HLRateSaverVRRedrawBalMax,HL_RSVR_REDRAW_BAL_MAX,HLRateSaverVRRedrawBalMax,205
Embed-ColumnMapping,HL_OFI_REFI_LAST_60_MONTHS,HLOFIRefiLast60Months,HL_OFI_REFI_LAST_60_MONTHS,HLOFIRefiLast60Months,206
Embed-ColumnMapping,HL_OFI_REFI_LAST_48_MONTHS,HLOFIRefiLast48Months,HL_OFI_REFI_LAST_48_MONTHS,HLOFIRefiLast48Months,207
Embed-ColumnMapping,HL_OFI_REFI_LAST_36_MONTHS,HLOFIRefiLast36Months,HL_OFI_REFI_LAST_36_MONTHS,HLOFIRefiLast36Months,208
Embed-ColumnMapping,HL_OFI_REFI_LAST_24_MONTHS,HLOFIRefiLast24Months,HL_OFI_REFI_LAST_24_MONTHS,HLOFIRefiLast24Months,209
Embed-ColumnMapping,HL_OFI_FLAG,HlOfiFlag,HL_OFI_FLAG,HlOfiFlag,210
Embed-ColumnMapping,NOT_CLOSED_HL_LAST_12_MONTHS,HLNotClosedInLast12Months,NOT_CLOSED_HL_LAST_12_MONTHS,HLNotClosedInLast12Months,211
Embed-ColumnMapping,HL_NFVR_REDRAW_BAL_MIN,HLNoFeeVRRedrawBalMin,HL_NFVR_REDRAW_BAL_MIN,HLNoFeeVRRedrawBalMin,212
Embed-ColumnMapping,HL_NFVR_REDRAW_BAL_MAX,HLNoFeeVRRedrawBalMax,HL_NFVR_REDRAW_BAL_MAX,HLNoFeeVRRedrawBalMax,213
Embed-ColumnMapping,HL_MIN_RPAY_PERC,HLMinPercentRepaid,HL_MIN_RPAY_PERC,HLMinPercentRepaid,214
Embed-ColumnMapping,HL_MIN_FIX_RATE_END_DATE,HLMinFixedRateEndDate,HL_MIN_FIX_RATE_END_DATE,HLMinFixedRateEndDate,215
Embed-ColumnMapping,HL_MAX_RPAY_PERC,HLMaxPercentRepaid,HL_MAX_RPAY_PERC,HLMaxPercentRepaid,216
Embed-ColumnMapping,HL_LENDER_TYPE,HLLenderType,HL_LENDER_TYPE,HLLenderType,217
Embed-ColumnMapping,HL_LENDER_PHONE,HLLenderPhone,HL_LENDER_PHONE,HLLenderPhone,218
Embed-ColumnMapping,HL_LENDER_NAME,HLLenderName,HL_LENDER_NAME,HLLenderName,219
Embed-ColumnMapping,HL_INVT_HOME_BUYER_APPT_CNT,HLInvestorApplicationCount,HL_INVT_HOME_BUYER_APPT_CNT,HLInvestorApplicationCount,220
Embed-ColumnMapping,HL_INT_IN_ADVN_RDRW_BAL_MIN,HLIntInAdvanceRedrawBalMin,HL_INT_IN_ADVN_RDRW_BAL_MIN,HLIntInAdvanceRedrawBalMin,221
Embed-ColumnMapping,HL_INT_IN_ADVN_RDRW_BAL_MAX,HLIntInAdvanceRedrawBalMax,HL_INT_IN_ADVN_RDRW_BAL_MAX,HLIntInAdvanceRedrawBalMax,222
Embed-ColumnMapping,HL_FIRST_HOME_BUYER_APPT_CNT,HLFirstHomeBuyerApplnCount,HL_FIRST_HOME_BUYER_APPT_CNT,HLFirstHomeBuyerApplnCount,223
Embed-ColumnMapping,HL_EVR_REDRAW_BAL_MIN,HLExtraVRRedrawBalMin,HL_EVR_REDRAW_BAL_MIN,HLExtraVRRedrawBalMin,224
Embed-ColumnMapping,HL_EVR_REDRAW_BAL_MAX,HLExtraVRRedrawBalMax,HL_EVR_REDRAW_BAL_MAX,HLExtraVRRedrawBalMax,225
Embed-ColumnMapping,HL_ECVR_REDRAW_BAL_MIN,HLEconVRRedrawBalMin,HL_ECVR_REDRAW_BAL_MIN,HLEconVRRedrawBalMin,226
Embed-ColumnMapping,HL_ECVR_REDRAW_BAL_MAX,HLEconVRRedrawBalMax,HL_ECVR_REDRAW_BAL_MAX,HLEconVRRedrawBalMax,227
Embed-ColumnMapping,HL_DOC_IMGE_31_DAYS_FLAG,HLDocumentsImagedLast31Days,HL_DOC_IMGE_31_DAYS_FLAG,HLDocumentsImagedLast31Days,228
Embed-ColumnMapping,HL_CNT_AHEAD_REPAY_NUM,HLCountAheadOnRepayment,HL_CNT_AHEAD_REPAY_NUM,HLCountAheadOnRepayment,229
Embed-ColumnMapping,HL_CNT_NUM,HLCount,HL_CNT_NUM,HLCount,230
Embed-ColumnMapping,HL_CNTR_DOCS_PRINT_DATE_MIN,HLContractDocsPrintDateMin,HL_CNTR_DOCS_PRINT_DATE_MIN,HLContractDocsPrintDateMin,231
Embed-ColumnMapping,HL_CNTR_DOCS_PRINT_DATE_MAX,HLContractDocsPrintDateMax,HL_CNTR_DOCS_PRINT_DATE_MAX,HLContractDocsPrintDateMax,232
Embed-ColumnMapping,HL_CONTRACT_DOCS_PRINT_CNT,HLContractDocsPrintCount,HL_CONTRACT_DOCS_PRINT_CNT,HLContractDocsPrintCount,233
Embed-ColumnMapping,HL_CNTR_DOCS_GENR_DATE_MIN,HLContractDocsGenSdDtMin,HL_CNTR_DOCS_GENR_DATE_MIN,HLContractDocsGenSdDtMin,234
Embed-ColumnMapping,HL_CNTR_DOCS_GENR_DATE_MAX,HLContractDocsGenSdDtMax,HL_CNTR_DOCS_GENR_DATE_MAX,HLContractDocsGenSdDtMax,235
Embed-ColumnMapping,HL_CNTR_DOCS_GENR_SEND_CNT,HLContractDocsGenrSendCount,HL_CNTR_DOCS_GENR_SEND_CNT,HLContractDocsGenrSendCount,236
Embed-ColumnMapping,HL_CALO_COMP_30_DAY_CNT,HlCalctrCompareLoan30DayCnt,HL_CALO_COMP_30_DAY_CNT,HlCalctrCompareLoan30DayCnt,237
Embed-ColumnMapping,HL_CALO_TOOL_30_DAY_CNT,HlCalctrAndTools30DayCnt,HL_CALO_TOOL_30_DAY_CNT,HlCalctrAndTools30DayCnt,238
Embed-ColumnMapping,HL_BROK_F,HlBrokerFlag,HL_BROK_F,HlBrokerFlag,239
Embed-ColumnMapping,HL_BVR_REDRAW_BAL_MIN,HLBasicVRRedrawBalMin,HL_BVR_REDRAW_BAL_MIN,HLBasicVRRedrawBalMin,240
Embed-ColumnMapping,HL_BVR_REDRAW_BAL_MAX,HLBasicVRRedrawBalMax,HL_BVR_REDRAW_BAL_MAX,HLBasicVRRedrawBalMax,241
Embed-ColumnMapping,HL_APPT_LAST_REQ_TIME_WEB,HLApptLastReqTimeWeb,HL_APPT_LAST_REQ_TIME_WEB,HLApptLastReqTimeWeb,242
Embed-ColumnMapping,HL_APPT_LAST_REQ_TIME_NTB,HLApptLastReqTimeNetbank,HL_APPT_LAST_REQ_TIME_NTB,HLApptLastReqTimeNetbank,243
Embed-ColumnMapping,HL_APPT_LAST_REQ_TIME_PA,HLApptLastReqTimeApp,HL_APPT_LAST_REQ_TIME_PA,HLApptLastReqTimeApp,244
Embed-ColumnMapping,HL_APPT_LAST_REQ_STUS_WEB,HLApptLastReqStatusWeb,HL_APPT_LAST_REQ_STUS_WEB,HLApptLastReqStatusWeb,245
Embed-ColumnMapping,HL_APPT_LAST_REQ_STUS_NTB,HLApptLastReqStatusNetbank,HL_APPT_LAST_REQ_STUS_NTB,HLApptLastReqStatusNetbank,246
Embed-ColumnMapping,HL_APPT_LAST_REQ_STUS_PA,HLApptLastReqStatusApp,HL_APPT_LAST_REQ_STUS_PA,HLApptLastReqStatusApp,247
Embed-ColumnMapping,HL_LAST_APPT_STUS_DESC,HLApplnStatusDescription,HL_LAST_APPT_STUS_DESC,HLApplnStatusDescription,248
Embed-ColumnMapping,HL_LAST_APPT_STUS_CODE,HLApplicationStatus,HL_LAST_APPT_STUS_CODE,HLApplicationStatus,249
Embed-ColumnMapping,HL_LAST_APPT_UPDT_DATE,HLApplicationLastUpdateDate,HL_LAST_APPT_UPDT_DATE,HLApplicationLastUpdateDate,250
Embed-ColumnMapping,HL_APPT_ID,HLApplicationId,HL_APPT_ID,HLApplicationId,251
Embed-ColumnMapping,HL_LAST_APPT_CHNL_ID,HLApplicationChannel,HL_LAST_APPT_CHNL_ID,HLApplicationChannel,252
Embed-ColumnMapping,HL_ACCT_ORIG_CHANNEL,HLAcctOrigChannel,HL_ACCT_ORIG_CHANNEL,HLAcctOrigChannel,253
Embed-ColumnMapping,HL_3Y_SPEC_RSVR_RDRW_BAL_MIN,HL3YSpecRtSvVRRdrwBalMin,HL_3Y_SPEC_RSVR_RDRW_BAL_MIN,HL3YSpecRtSvVRRdrwBalMin,254
Embed-ColumnMapping,HL_3Y_SPEC_RSVR_RDRW_BAL_MAX,HL3YSpecRateSaveVRRdrwBalMax,HL_3Y_SPEC_RSVR_RDRW_BAL_MAX,HL3YSpecRateSaveVRRdrwBalMax,255
Embed-ColumnMapping,HL_3Y_SPEC_ECVR_RDRW_BAL_MIN,HL3YSpecEconVRRedrawBalMin,HL_3Y_SPEC_ECVR_RDRW_BAL_MIN,HL3YSpecEconVRRedrawBalMin,256
Embed-ColumnMapping,HL_3Y_SPEC_ECVR_RDRW_BAL_MAX,HL3YSpecEconVRRedrawBalMax,HL_3Y_SPEC_ECVR_RDRW_BAL_MAX,HL3YSpecEconVRRedrawBalMax,257
Embed-ColumnMapping,HL_12M_DISC_VR_RDRW_BAL_MIN,HL12MonthDiscVRRedrawBalMin,HL_12M_DISC_VR_RDRW_BAL_MIN,HL12MonthDiscVRRedrawBalMin,258
Embed-ColumnMapping,HL_12M_DISC_VR_RDRW_BAL_MAX,HL12MonthDiscVRRedrawBalMax,HL_12M_DISC_VR_RDRW_BAL_MAX,HL12MonthDiscVRRedrawBalMax,259
Embed-ColumnMapping,ONE_YEAR_HL_ANV_NO_INS_F,HL12MonthAnniversaryAndNoIns,ONE_YEAR_HL_ANV_NO_INS_F,HL12MonthAnniversaryAndNoIns,260
Embed-ColumnMapping,HAS_OFI_VLOC_FLAG,HasVLOCInOFIFlag,HAS_OFI_VLOC_FLAG,HasVLOCInOFIFlag,261
Embed-ColumnMapping,HAS_TFN_DECLARED_ALL,HasTFNDeclaredAll,HAS_TFN_DECLARED_ALL,HasTFNDeclaredAll,262
Embed-ColumnMapping,SAP_BP_TFN_FLAG,HasTFN,SAP_BP_TFN_FLAG,HasTFN,263
Embed-ColumnMapping,GDW_NTB_REGR_FLAG,HasRegForNetbank,GDW_NTB_REGR_FLAG,HasRegForNetbank,264
Embed-ColumnMapping,GDW_CAPP_REGR_FLAG,HasRegForCBAApp,GDW_CAPP_REGR_FLAG,HasRegForCBAApp,265
Embed-ColumnMapping,HAS_OVER_750K_FOOTINGS_F,HasOver750KFooting,HAS_OVER_750K_FOOTINGS_F,HasOver750KFooting,266
Embed-ColumnMapping,HAS_OVER_20K_LIQUID_F,hasOver20KInAccessibleCash,HAS_OVER_20K_LIQUID_F,hasOver20KInAccessibleCash,267
Embed-ColumnMapping,HAS_NO_RISK_INS_FLAG,HasNoRiskInsFlag,HAS_NO_RISK_INS_FLAG,HasNoRiskInsFlag,268
Embed-ColumnMapping,HAS_NO_LIFE_INS_FLAG,HasNoLifeInsFlag,HAS_NO_LIFE_INS_FLAG,HasNoLifeInsFlag,269
Embed-ColumnMapping,HAS_EMAIL_RESP_SPAM_UNSUB,HasEmailRespSpamUnsub,HAS_EMAIL_RESP_SPAM_UNSUB,HasEmailRespSpamUnsub,270
Embed-ColumnMapping,HAS_EMAIL_RESPONSE_BOUNCE,HasEmailResponseBounce,HAS_EMAIL_RESPONSE_BOUNCE,HasEmailResponseBounce,271
Embed-ColumnMapping,HAS_ECV_COMPLETED_BRANCH,HasECVCompletedBranch,HAS_ECV_COMPLETED_BRANCH,HasECVCompletedBranch,272
Embed-ColumnMapping,HAS_ECV_ATTEMPT_SUCCESS,HasECVAttemptSuccess,HAS_ECV_ATTEMPT_SUCCESS,HasECVAttemptSuccess,273
Embed-ColumnMapping,HAS_ECV_ATTEMPTED,HasECVAttempted,HAS_ECV_ATTEMPTED,HasECVAttempted,274
Embed-ColumnMapping,HAS_BLDG_INSR_FLAG,HasBuildingInsuranceFlag,HAS_BLDG_INSR_FLAG,HasBuildingInsuranceFlag,275
Embed-ColumnMapping,BAD_QUAL_ACCT_CR_F,hasBadQualityCreditAccount,BAD_QUAL_ACCT_CR_F,hasBadQualityCreditAccount,276
Embed-ColumnMapping,BAD_QUAL_ACCT_F,hasBadQualityAccount,BAD_QUAL_ACCT_F,hasBadQualityAccount,277
Embed-ColumnMapping,HAS_ACTV_CC_F,hasActiveCreditCard,HAS_ACTV_CC_F,hasActiveCreditCard,278
Embed-ColumnMapping,ACCT_CLSE,hasAccountsClosed,ACCT_CLSE,hasAccountsClosed,279
Embed-ColumnMapping,OFFR_WLTH_GROP_INST_LOG_DATE,GWPWealthLastVisitDate,OFFR_WLTH_GROP_INST_LOG_DATE,GWPWealthLastVisitDate,280
Embed-ColumnMapping,OFFR_TERM_DPST_INST_LOG_DATE,GWPTermDepositLastVisitDate,OFFR_TERM_DPST_INST_LOG_DATE,GWPTermDepositLastVisitDate,281
Embed-ColumnMapping,OFFR_SUPR_GROP_INST_LOG_DATE,GWPSuperLastVisitDate,OFFR_SUPR_GROP_INST_LOG_DATE,GWPSuperLastVisitDate,282
Embed-ColumnMapping,OFFR_PLON_GROP_INST_LOG_DATE,GWPPersonalLoanLastVisitDate,OFFR_PLON_GROP_INST_LOG_DATE,GWPPersonalLoanLastVisitDate,283
Embed-ColumnMapping,OFFR_INTL_GROP_INST_LOG_DATE,GWPInternationalLastVisitDate,OFFR_INTL_GROP_INST_LOG_DATE,GWPInternationalLastVisitDate,284
Embed-ColumnMapping,OFFR_INSR_GROP_INST_LOG_DATE,GWPInsuranceLastVisitDate,OFFR_INSR_GROP_INST_LOG_DATE,GWPInsuranceLastVisitDate,285
Embed-ColumnMapping,OFFR_HLON_GROP_INST_LOG_DATE,GWPHomeLoanLastVisitDate,OFFR_HLON_GROP_INST_LOG_DATE,GWPHomeLoanLastVisitDate,286
Embed-ColumnMapping,OFFR_CCRD_GROP_INST_LOG_DATE,GWPCreditCardLastVisitDate,OFFR_CCRD_GROP_INST_LOG_DATE,GWPCreditCardLastVisitDate,287
Embed-ColumnMapping,OFFR_CMSC_GROP_INST_LOG_DATE,GWPCommsecLastVisitDate,OFFR_CMSC_GROP_INST_LOG_DATE,GWPCommsecLastVisitDate,288
Embed-ColumnMapping,OFFR_BUSI_GROP_INST_LOG_DATE,GWPBusinessLastVisitDate,OFFR_BUSI_GROP_INST_LOG_DATE,GWPBusinessLastVisitDate,289
Embed-ColumnMapping,CUST_ESTB_DATE,EstablishmentDate,CUST_ESTB_DATE,EstablishmentDate,290
Embed-ColumnMapping,ESNT_SUPR_ONLY_FLAG,Esnt_Supr_Only_Flag,ESNT_SUPR_ONLY_FLAG,Esnt_Supr_Only_Flag,291
Embed-ColumnMapping,D_NQNA_TRAN_ACCT_LAST_OPEN_D,DigNonQNATranAcctLstOpenDate,D_NQNA_TRAN_ACCT_LAST_OPEN_D,DigNonQNATranAcctLstOpenDate,292
Embed-ColumnMapping,DIGT_ORIG_CC_LTST_OPEN_DATE,DigitalOriginCCLtstOpenDate,DIGT_ORIG_CC_LTST_OPEN_DATE,DigitalOriginCCLtstOpenDate,293
Embed-ColumnMapping,DIGT_ORIG_CC_INACTIVE_CNT,DigitalOriginCCInactiveCount,DIGT_ORIG_CC_INACTIVE_CNT,DigitalOriginCCInactiveCount,294
Embed-ColumnMapping,HAS_CC_DCLN_LAST_30_DAYS_F,DeclinedForCCInLastMonth,HAS_CC_DCLN_LAST_30_DAYS_F,DeclinedForCCInLastMonth,295
Embed-ColumnMapping,CUSTOMERID,CustomerID,CUSTOMERID,CustomerID,296
Embed-ColumnMapping,AGE_IN_MONTHS,CustomerAgeInMonths,AGE_IN_MONTHS,CustomerAgeInMonths,297
Embed-ColumnMapping,CUST_IFA_FLAG,CustIFAFlag,CUST_IFA_FLAG,CustIFAFlag,298
Embed-ColumnMapping,HAS_MOBL_F,CustHasMobileFlag,HAS_MOBL_F,CustHasMobileFlag,299
Embed-ColumnMapping,HAS_HOME_NUMB_F,CustHasHomeNumberFlag,HAS_HOME_NUMB_F,CustHasHomeNumberFlag,300
Embed-ColumnMapping,HAS_EMAL_F,CustHasEmailFlag,HAS_EMAL_F,CustHasEmailFlag,301
Embed-ColumnMapping,CUST_EXCL_FOR_STAT_F,CustExclusionsForState,CUST_EXCL_FOR_STAT_F,CustExclusionsForState,302
Embed-ColumnMapping,CUST_DOMINANT_VS_POP,CustDominantVsPop,CUST_DOMINANT_VS_POP,CustDominantVsPop,303
Embed-ColumnMapping,CUST_DOMINANT_VS_IDX,CustDominantVsIdx,CUST_DOMINANT_VS_IDX,CustDominantVsIdx,304
Embed-ColumnMapping,TD_BALN_CURR,CurrBalanceTermDeposit,TD_BALN_CURR,CurrBalanceTermDeposit,305
Embed-ColumnMapping,CRCD_PRSL_TOTL_BALN,CreditCardPrslTotalBalance,CRCD_PRSL_TOTL_BALN,CreditCardPrslTotalBalance,306
Embed-ColumnMapping,CNT_PRSL_CC_BLOK_RCLS_CLI,CreditcardBlockReclassCodes,CNT_PRSL_CC_BLOK_RCLS_CLI,CreditcardBlockReclassCodes,307
Embed-ColumnMapping,CRCD_APPT_WITH_OFI_HL_FLAG,CRCDApplnWithOFlHLFlag,CRCD_APPT_WITH_OFI_HL_FLAG,CRCDApplnWithOFlHLFlag,308
Embed-ColumnMapping,CRB_CUSTOMER_COHORT_ID,CRBCustomerCohortID,CRB_CUSTOMER_COHORT_ID,CRBCustomerCohortID,309
Embed-ColumnMapping,WLTH_PACK_CNT,CountWealthPackage,WLTH_PACK_CNT,CountWealthPackage,310
Embed-ColumnMapping,PL_VBRT_CNT,CountVariableRatePL,PL_VBRT_CNT,CountVariableRatePL,311
Embed-ColumnMapping,HL_VBRT_CNT,CountVariableRateHL,HL_VBRT_CNT,CountVariableRateHL,312
Embed-ColumnMapping,CRCD_PRSL_UACT_VISA_CNT,CountUnactivatedPersVisa,CRCD_PRSL_UACT_VISA_CNT,CountUnactivatedPersVisa,313
Embed-ColumnMapping,CRCD_PRSL_UACT_MC_CNT,CountUnactivatedPersMC,CRCD_PRSL_UACT_MC_CNT,CountUnactivatedPersMC,314
Embed-ColumnMapping,DRCD_PRSL_UACT_CNT,CountUnactivatedPersDC,DRCD_PRSL_UACT_CNT,CountUnactivatedPersDC,315
Embed-ColumnMapping,PRSL_TRAN_TRNF_APP_3M,CountTrnfAppPrslTran3M,PRSL_TRAN_TRNF_APP_3M,CountTrnfAppPrslTran3M,316
Embed-ColumnMapping,PJ_TD_CNT,CountTermDeposit,PJ_TD_CNT,CountTermDeposit,317
Embed-ColumnMapping,HL_SVR_CNT,CountStdVarRateHL,HL_SVR_CNT,CountStdVarRateHL,318
Embed-ColumnMapping,CUST_CNTR_CODE,CountryCode,CUST_CNTR_CODE,CountryCode,319
Embed-ColumnMapping,RETAIL_SAV_ACCT_DEP_CNT_3M,CountRetlSavAcctDeposit3M,RETAIL_SAV_ACCT_DEP_CNT_3M,CountRetlSavAcctDeposit3M,320
Embed-ColumnMapping,PRSL_TRAN_ACCT_DEP_CNT_3M,CountPrslTranAcctDeposit3M,PRSL_TRAN_ACCT_DEP_CNT_3M,CountPrslTranAcctDeposit3M,321
Embed-ColumnMapping,PRSL_AMEX_CNT,CountPrslAmex,PRSL_AMEX_CNT,CountPrslAmex,322
Embed-ColumnMapping,PRSL_TRAN_DTDR_CNT_1_MNTH,CountPersTranDirDeb1M,PRSL_TRAN_DTDR_CNT_1_MNTH,CountPersTranDirDeb1M,323
Embed-ColumnMapping,COUNT_PRSL_TRAN_ACCT_NUM,CountPersonalTrxAccount,COUNT_PRSL_TRAN_ACCT_NUM,CountPersonalTrxAccount,324
Embed-ColumnMapping,COUNT_PRSL_SAV_ACCT_NUM,CountPersonalSavingsAccount,COUNT_PRSL_SAV_ACCT_NUM,CountPersonalSavingsAccount,325
Embed-ColumnMapping,COUNT_PRSL_OVDR_ACCT_NUM,CountPersonalOverdraftAccount,COUNT_PRSL_OVDR_ACCT_NUM,CountPersonalOverdraftAccount,326
Embed-ColumnMapping,ONLN_NTB_ALL_CNT_3M,CountOnlnNtbLogn3M,ONLN_NTB_ALL_CNT_3M,CountOnlnNtbLogn3M,327
Embed-ColumnMapping,HL_RSVR_CNT,CountOfRSVRHL,HL_RSVR_CNT,CountOfRSVRHL,328
Embed-ColumnMapping,HL_NFVR_CNT,CountOfNFVRHL,HL_NFVR_CNT,CountOfNFVRHL,329
Embed-ColumnMapping,TRFR_LAST_3_MNTH_CNT,CountOfNBankTransfers3Month,TRFR_LAST_3_MNTH_CNT,CountOfNBankTransfers3Month,330
Embed-ColumnMapping,INL_NTB_LOGN_LAST_1_MNTH_CNT,CountOfNBankLogins1Month,INL_NTB_LOGN_LAST_1_MNTH_CNT,CountOfNBankLogins1Month,331
Embed-ColumnMapping,HL_GUAR_CNT,CountOfHLWithGuarantor,HL_GUAR_CNT,CountOfHLWithGuarantor,332
Embed-ColumnMapping,HL_EVR_CNT,CountOfEVRHL,HL_EVR_CNT,CountOfEVRHL,333
Embed-ColumnMapping,CNT_EMPL_NUM,CountOfEmployers,CNT_EMPL_NUM,CountOfEmployers,334
Embed-ColumnMapping,DB_TRAN_LAST_1_MNTH_CNT,CountOfDBTransaction1Month,DB_TRAN_LAST_1_MNTH_CNT,CountOfDBTransaction1Month,335
Embed-ColumnMapping,COMP_PAST_90_120_DAYS_CNT,CountOfComplaints90To120,COMP_PAST_90_120_DAYS_CNT,CountOfComplaints90To120,336
Embed-ColumnMapping,COMP_PAST_60_90_DAYS_CNT,CountOfComplaints60To90,COMP_PAST_60_90_DAYS_CNT,CountOfComplaints60To90,337
Embed-ColumnMapping,COMP_PAST_30_60_DAYS_CNT,CountOfComplaints30To60,COMP_PAST_30_60_DAYS_CNT,CountOfComplaints30To60,338
Embed-ColumnMapping,COMP_PAST_0_30_DAYS_CNT,CountOfComplaints0To30,COMP_PAST_0_30_DAYS_CNT,CountOfComplaints0To30,339
Embed-ColumnMapping,HL_BVR_CNT,CountOfBVRHL,HL_BVR_CNT,CountOfBVRHL,340
Embed-ColumnMapping,BRCH_TRAN_LAST_1_MNTH_CNT,CountOfBranchTran1Month,BRCH_TRAN_LAST_1_MNTH_CNT,CountOfBranchTran1Month,341
Embed-ColumnMapping,TRAN_BPAY_CNT_6_MNTH,CountOfBpayTrxLast6M,TRAN_BPAY_CNT_6_MNTH,CountOfBpayTrxLast6M,342
Embed-ColumnMapping,TRAN_BPAY_CNT_3_MNTH,CountOfBpayTrxLast3M,TRAN_BPAY_CNT_3_MNTH,CountOfBpayTrxLast3M,343
Embed-ColumnMapping,HL_12_MNTH_DISC_VR_CNT,CountOf12MDVRHL,HL_12_MNTH_DISC_VR_CNT,CountOf12MDVRHL,344
Embed-ColumnMapping,NETBANK_SAVE_ACCT_CNT,CountNetbankSavingsAccount,NETBANK_SAVE_ACCT_CNT,CountNetbankSavingsAccount,345
Embed-ColumnMapping,INSR_GENL_MOTR_CNT,CountMotorInsurance,INSR_GENL_MOTR_CNT,CountMotorInsurance,346
Embed-ColumnMapping,HL_LOW_DOC_CNT,CountLowDocHL,HL_LOW_DOC_CNT,CountLowDocHL,347
Embed-ColumnMapping,LOGN_CAPP_TAB_3MNTH_CNT,CountLoginCAppTab3M,LOGN_CAPP_TAB_3MNTH_CNT,CountLoginCAppTab3M,348
Embed-ColumnMapping,LOGN_CAPP_MOBL_3MNTH_CNT,CountLoginCAppMobl3M,LOGN_CAPP_MOBL_3MNTH_CNT,CountLoginCAppMobl3M,349
Embed-ColumnMapping,HL_INT_IN_ADV_CNT,CountInterestInAdvanceHL,HL_INT_IN_ADV_CNT,CountInterestInAdvanceHL,350
Embed-ColumnMapping,HL_HOME_PATH_CNT,CountHomePathHL,HL_HOME_PATH_CNT,CountHomePathHL,351
Embed-ColumnMapping,GENL_HOME_INS_CNT,CountHomeInsurance,GENL_HOME_INS_CNT,CountHomeInsurance,352
Embed-ColumnMapping,HL_SEEK_CNT,CountHLSeek,HL_SEEK_CNT,CountHLSeek,353
Embed-ColumnMapping,HL_NON_SEEK_CNT,CountHLNonSeek,HL_NON_SEEK_CNT,CountHLNonSeek,354
Embed-ColumnMapping,GOAL_SAVE_ACCT_CNT,CountGoalSavingsAccount,GOAL_SAVE_ACCT_CNT,CountGoalSavingsAccount,355
Embed-ColumnMapping,PL_FXRT_CNT,CountFixedRatePL,PL_FXRT_CNT,CountFixedRatePL,356
Embed-ColumnMapping,HL_FXRT_CNT,CountFixedRateHL,HL_FXRT_CNT,CountFixedRateHL,357
Embed-ColumnMapping,EMAL_STMT_CNT,CountEmailStatements,EMAL_STMT_CNT,CountEmailStatements,358
Embed-ColumnMapping,EDAY_OFST_ACCT_CNT,CountEDayOffsetAcct,EDAY_OFST_ACCT_CNT,CountEDayOffsetAcct,359
Embed-ColumnMapping,HL_ECVR_CNT,CountEconHL,HL_ECVR_CNT,CountEconHL,360
Embed-ColumnMapping,DIRC_LIFE_CRCD_PLUS_CNT,CountDirLifeCrCdPlusIns,DIRC_LIFE_CRCD_PLUS_CNT,CountDirLifeCrCdPlusIns,361
Embed-ColumnMapping,PL_DTDR_CNT,CountDirectDebitsPL,PL_DTDR_CNT,CountDirectDebitsPL,362
Embed-ColumnMapping,HL_DTDR_CNT,CountDirectDebitsHL,HL_DTDR_CNT,CountDirectDebitsHL,363
Embed-ColumnMapping,DIRC_LIFE_SMPL_LIFE_CNT,CountDircLifeSmplLife,DIRC_LIFE_SMPL_LIFE_CNT,CountDircLifeSmplLife,364
Embed-ColumnMapping,DIRC_LIFE_LP_PL_CNT,CountDircLifeLPPL,DIRC_LIFE_LP_PL_CNT,CountDircLifeLPPL,365
Embed-ColumnMapping,DIRC_LIFE_LP_HL_CNT,CountDircLifeLPHL,DIRC_LIFE_LP_HL_CNT,CountDircLifeLPHL,366
Embed-ColumnMapping,CDIA_OFFR_1156_CNT,CountCDIAOffer1156,CDIA_OFFR_1156_CNT,CountCDIAOffer1156,367
Embed-ColumnMapping,CRCD_APAY_CNT,CountCCWithAutopay,CRCD_APAY_CNT,CountCCWithAutopay,368
Embed-ColumnMapping,HL_3YR_SPL_RATE_SVR_CNT,Count3YrSplRateHL,HL_3YR_SPL_RATE_SVR_CNT,Count3YrSplRateHL,369
Embed-ColumnMapping,HL_3_YR_SPL_ECVR_CNT,Count3YrSplRateEconHL,HL_3_YR_SPL_ECVR_CNT,Count3YrSplRateEconHL,370
Embed-ColumnMapping,CORP_FNCL_SERV_CUST,CorpFnclServCustomers,CORP_FNCL_SERV_CUST,CorpFnclServCustomers,371
Embed-ColumnMapping,COND_APRD_PL_FLAG,CondApprovedPersonalLoan,COND_APRD_PL_FLAG,CondApprovedPersonalLoan,372
Embed-ColumnMapping,COND_APRD_CREDIT_CARD_FLAG,CondApprovedCreditCard,COND_APRD_CREDIT_CARD_FLAG,CondApprovedCreditCard,373
Embed-ColumnMapping,COND_APPR_CLI_F,CondApprForCCLimitIncrease,COND_APPR_CLI_F,CondApprForCCLimitIncrease,374
Embed-ColumnMapping,COND_APPR_PO_F,CondApprForAPersonalOverdraft,COND_APPR_PO_F,CondApprForAPersonalOverdraft,375
Embed-ColumnMapping,CNCL_RATE_PAYT_FLAG,CnclRatesPaytFlag,CNCL_RATE_PAYT_FLAG,CnclRatesPaytFlag,376
Embed-ColumnMapping,CLOSEST_BRANCH,ClosestBranch,CLOSEST_BRANCH,ClosestBranch,377
Embed-ColumnMapping,CFP_FLAG,CfpFlag,CFP_FLAG,CfpFlag,378
Embed-ColumnMapping,CEP_NATL_ROLLOUT_FLAG,CepNatlRollOutFlag,CEP_NATL_ROLLOUT_FLAG,CepNatlRollOutFlag,379
Embed-ColumnMapping,CC_PERS_CNT_NUM,CCPersonalCount,CC_PERS_CNT_NUM,CCPersonalCount,380
Embed-ColumnMapping,CC_BUS_CNT_NUM,CCBusinessCount,CC_BUS_CNT_NUM,CCBusinessCount,381
Embed-ColumnMapping,CC_LST_APPT_STUS_CODE,CCAppStatus,CC_LST_APPT_STUS_CODE,CCAppStatus,382
Embed-ColumnMapping,CC_LAST_APPT_STUS_CODE,CCApplicationStatus,CC_LAST_APPT_STUS_CODE,CCApplicationStatus,383
Embed-ColumnMapping,CC_APPT_ID,CCApplicationID,CC_APPT_ID,CCApplicationID,384
Embed-ColumnMapping,CC_APPT_CHNL_ID,CCApplicationChannelID,CC_APPT_CHNL_ID,CCApplicationChannelID,385
Embed-ColumnMapping,CC_LST_APPT_UPDT_DATE,CCAppLastUpdateDate,CC_LST_APPT_UPDT_DATE,CCAppLastUpdateDate,386
Embed-ColumnMapping,CC_LST_APPT_ID,CCAppID,CC_LST_APPT_ID,CCAppID,387
Embed-ColumnMapping,CC_LST_APPT_CHNL_ID,CCAppChannelID,CC_LST_APPT_CHNL_ID,CCAppChannelID,388
Embed-ColumnMapping,BSB_ORIGIN_DESC,BSBOriginDesc,BSB_ORIGIN_DESC,BSBOriginDesc,389
Embed-ColumnMapping,BSB_ORIGIN,BSBOrigin,BSB_ORIGIN,BSBOrigin,390
Embed-ColumnMapping,CUST_BRTH_DAY,Birthdate,CUST_BRTH_DAY,Birthdate,391
Embed-ColumnMapping,AVG_6_MNTH_SLRY_AMT,Average6MonthSalary,AVG_6_MNTH_SLRY_AMT,Average6MonthSalary,392
Embed-ColumnMapping,AVG_3_MNTH_SLRY_AMT,Average3MonthSalary,AVG_3_MNTH_SLRY_AMT,Average3MonthSalary,393
Embed-ColumnMapping,ALNC_PTNR_FLAG,AlliancePartnerFlag,ALNC_PTNR_FLAG,AlliancePartnerFlag,394
Embed-ColumnMapping,ADRS_LAST_UPD_DATE,AddressLastUpdateDate,ADRS_LAST_UPD_DATE,AddressLastUpdateDate,395
Embed-ColumnMapping,ACCT_ORIG_CHANNEL,AcctOrigChannel,ACCT_ORIG_CHANNEL,AcctOrigChannel,396
Embed-ColumnMapping,WLTH_PACK_FEE_EXMT_ID,.WlthPackFeeExmtID,WLTH_PACK_FEE_EXMT_ID,.WlthPackFeeExmtID,397
Embed-ColumnMapping,CSE_CUST_IDNN_TKOV_FLAG,.VictimIDTakeOverFlag,CSE_CUST_IDNN_TKOV_FLAG,.VictimIDTakeOverFlag,398
Embed-ColumnMapping,GDW_TRVL_MONY_CARD_HOLD_F,.TravelMoneyCardFlag,GDW_TRVL_MONY_CARD_HOLD_F,.TravelMoneyCardFlag,399
Embed-ColumnMapping,TMC_ACCT_LTST_RLOD_DATE,.TMCLatestReloadDate,TMC_ACCT_LTST_RLOD_DATE,.TMCLatestReloadDate,400
Embed-ColumnMapping,TMC_ACCT_LTST_CLSE_DATE,.TMCLatestCloseDate,TMC_ACCT_LTST_CLSE_DATE,.TMCLatestCloseDate,401
Embed-ColumnMapping,TMC_ACCT_LTST_OPEN_DATE,.TMCLatestAcctOpenDate,TMC_ACCT_LTST_OPEN_DATE,.TMCLatestAcctOpenDate,402
Embed-ColumnMapping,T3_EXPERIMENTAL_GROUP,.Tier3ExperimentalGroup,T3_EXPERIMENTAL_GROUP,.Tier3ExperimentalGroup,403
Embed-ColumnMapping,T2_RECRUITMENT_ELIGIBILITY,.T2RecruitmentEligibility,T2_RECRUITMENT_ELIGIBILITY,.T2RecruitmentEligibility,404
Embed-ColumnMapping,GDW_SELF_EMPL_F,.SelfEmployedFlag,GDW_SELF_EMPL_F,.SelfEmployedFlag,405
Embed-ColumnMapping,SBO_PAPP_AMT,.SBOPreApprovedAmt,SBO_PAPP_AMT,.SBOPreApprovedAmt,406
Embed-ColumnMapping,SBO_PAPP_TYPE,.SBOPreApprovalType,SBO_PAPP_TYPE,.SBOPreApprovalType,407
Embed-ColumnMapping,SBO_PAPP_EXPY_DATE,.SBOPreApprovalExpiryDate,SBO_PAPP_EXPY_DATE,.SBOPreApprovalExpiryDate,408
Embed-ColumnMapping,SBO_PAPP_EFFT_DATE,.SBOPreApprovalEffectiveDate,SBO_PAPP_EFFT_DATE,.SBOPreApprovalEffectiveDate,409
Embed-ColumnMapping,SBO_CUST_NEED_CODE,.SBOCustomerNeedCode,SBO_CUST_NEED_CODE,.SBOCustomerNeedCode,410
Embed-ColumnMapping,SBO_LAST_APPT_STUS_CODE_DESC,.SBOAppLastStatusDesc,SBO_LAST_APPT_STUS_CODE_DESC,.SBOAppLastStatusDesc,411
Embed-ColumnMapping,SBO_LAST_APPT_STUS_CODE_DATE,.SBOAppLastStatusDate,SBO_LAST_APPT_STUS_CODE_DATE,.SBOAppLastStatusDate,412
Embed-ColumnMapping,SBO_APPT_LAST_DECL_DATE,.SBOAppLastDeclineDate,SBO_APPT_LAST_DECL_DATE,.SBOAppLastDeclineDate,413
Embed-ColumnMapping,SALE_GRUP_IDNN,.SalesGroupIdnn,SALE_GRUP_IDNN,.SalesGroupIdnn,414
Embed-ColumnMapping,ROUTED_LENDER_ID,.RoutedLenderId,ROUTED_LENDER_ID,.RoutedLenderId,415
Embed-ColumnMapping,RM_FLAG_TD,.RMFlagForTermDeposit,RM_FLAG_TD,.RMFlagForTermDeposit,416
Embed-ColumnMapping,REL_MNGE_FLAG,.RelationshipManagedFlag,REL_MNGE_FLAG,.RelationshipManagedFlag,417
Embed-ColumnMapping,QWIK_AND_STND_RSVL_6M_FLAG,.QuickandStandardResolve6M,QWIK_AND_STND_RSVL_6M_FLAG,.QuickandStandardResolve6M,418
Embed-ColumnMapping,PROP_MODL_ESNT_SUPR_ACQN_1S,.PropensitySuperAcqn1S,PROP_MODL_ESNT_SUPR_ACQN_1S,.PropensitySuperAcqn1S,419
Embed-ColumnMapping,PROP_MODL_SMAL_BUSN_LOOK,.PropensitySmallBusnLookalike,PROP_MODL_SMAL_BUSN_LOOK,.PropensitySmallBusnLookalike,420
Embed-ColumnMapping,PROP_MODL_RGHT_PATY_CNNT,.PropensityRghtPatyCnnt,PROP_MODL_RGHT_PATY_CNNT,.PropensityRghtPatyCnnt,421
Embed-ColumnMapping,PROP_MODL_PRSL_OVDR_ACQN_1B,.PropensityPrslOvdrAcqn1B,PROP_MODL_PRSL_OVDR_ACQN_1B,.PropensityPrslOvdrAcqn1B,422
Embed-ColumnMapping,PROP_MODL_PRSL_LOAN_ACQN_1S,.PropensityPrslLoanAcqn1S,PROP_MODL_PRSL_LOAN_ACQN_1S,.PropensityPrslLoanAcqn1S,423
Embed-ColumnMapping,PROPENSITY_MODEL_PL_SCORE,.PropensityPersonalLoans,PROPENSITY_MODEL_PL_SCORE,.PropensityPersonalLoans,424
Embed-ColumnMapping,PROP_MODL_NBSA_ATRN_2018,.PropensityNBSAATRN,PROP_MODL_NBSA_ATRN_2018,.PropensityNBSAATRN,425
Embed-ColumnMapping,PROP_MODL_HOME_LOAN_ACQN_1S,.PropensityHomeLoanAcqn1S,PROP_MODL_HOME_LOAN_ACQN_1S,.PropensityHomeLoanAcqn1S,426
Embed-ColumnMapping,PROP_MODL_CRCD_ACQN_1S,.PropensityCRCDAcqn1S,PROP_MODL_CRCD_ACQN_1S,.PropensityCRCDAcqn1S,427
Embed-ColumnMapping,PROP_MODL_CFAM_PREM_ACQN_1B,.PropensityCardFamPremAcqn1B,PROP_MODL_CFAM_PREM_ACQN_1B,.PropensityCardFamPremAcqn1B,428
Embed-ColumnMapping,PROP_MODL_CFAM_PLBC_ACQN_1B,.PropensityCardFamPLBCAcqn1B,PROP_MODL_CFAM_PLBC_ACQN_1B,.PropensityCardFamPLBCAcqn1B,429
Embed-ColumnMapping,PROP_MODL_CFAM_LRLF_ACQN_1B,.PropensityCardFamLRLFAcqn1B,PROP_MODL_CFAM_LRLF_ACQN_1B,.PropensityCardFamLRLFAcqn1B,430
Embed-ColumnMapping,PROP_MODL_CFAM_AWRD_ACQN_1B,.PropensityCardFamAwrdAcqn1B,PROP_MODL_CFAM_AWRD_ACQN_1B,.PropensityCardFamAwrdAcqn1B,431
Embed-ColumnMapping,PRVT_FLAG,.PrivateCustomerFlag,PRVT_FLAG,.PrivateCustomerFlag,432
Embed-ColumnMapping,PRIM_EMPT_SEMP_DATE,.PrimEmptSempDate,PRIM_EMPT_SEMP_DATE,.PrimEmptSempDate,433
Embed-ColumnMapping,PREMIER_OUN,.PremierOun,PREMIER_OUN,.PremierOun,434
Embed-ColumnMapping,PRMR_FLAG,.PremierCustomerFlag,PRMR_FLAG,.PremierCustomerFlag,435
Embed-ColumnMapping,GDW_TRIG_SOLE_TRAD,.PotentialSoleTraderFlag,GDW_TRIG_SOLE_TRAD,.PotentialSoleTraderFlag,436
Embed-ColumnMapping,CSC_PL_RISK_APRD_AMT,.PLRiskApprovedAmount,CSC_PL_RISK_APRD_AMT,.PLRiskApprovedAmount,437
Embed-ColumnMapping,PL_APPT_LAST_DECL_DATE,.PLApplicationLastDeclineDate,PL_APPT_LAST_DECL_DATE,.PLApplicationLastDeclineDate,438
Embed-ColumnMapping,PL_SUM_ACCT_BALN,.PersonalLoanAccountBalance,PL_SUM_ACCT_BALN,.PersonalLoanAccountBalance,439
Embed-ColumnMapping,OPT_OUT_SMS_PROD_UPGD,.OptOutSMSProdUpgd,OPT_OUT_SMS_PROD_UPGD,.OptOutSMSProdUpgd,440
Embed-ColumnMapping,OPT_OUT_SMS_NEW_PROD,.OptOutSMSNewProd,OPT_OUT_SMS_NEW_PROD,.OptOutSMSNewProd,441
Embed-ColumnMapping,GDW_OCCP_CATG_X,.OccupationCategoryDesc,GDW_OCCP_CATG_X,.OccupationCategoryDesc,442
Embed-ColumnMapping,ACCT_DEP_CODE_CNT,.NumAcctDepositCode,ACCT_DEP_CODE_CNT,.NumAcctDepositCode,443
Embed-ColumnMapping,NTB_2FA_MTHD,.Netbank2FAMethod,NTB_2FA_MTHD,.Netbank2FAMethod,444
Embed-ColumnMapping,MRKT_PATY_DEEM_TRST_FLAG,.MrktPatyDeemTrustFlag,MRKT_PATY_DEEM_TRST_FLAG,.MrktPatyDeemTrustFlag,445
Embed-ColumnMapping,MRKT_PATY_DECD_FLAG,.MrktPatyDecdFlag,MRKT_PATY_DECD_FLAG,.MrktPatyDecdFlag,446
Embed-ColumnMapping,MRKT_PATY_BKRP_FLAG,.MrktPatyBankruptFlag,MRKT_PATY_BKRP_FLAG,.MrktPatyBankruptFlag,447
Embed-ColumnMapping,MAV_PACK_CNT,.MavPackCnt,MAV_PACK_CNT,.MavPackCnt,448
Embed-ColumnMapping,LAST_PRIM_CPLN_SCAT,.LastPrimCmpltSubCatg,LAST_PRIM_CPLN_SCAT,.LastPrimCmpltSubCatg,449
Embed-ColumnMapping,INL_NTBK_TBLT_LOGN_DATE,.LastNetBankLoginDtInTablet,INL_NTBK_TBLT_LOGN_DATE,.LastNetBankLoginDtInTablet,450
Embed-ColumnMapping,INL_NTBK_MOBL_LOGN_DATE,.LastNetBankLoginDtInMobile,INL_NTBK_MOBL_LOGN_DATE,.LastNetBankLoginDtInMobile,451
Embed-ColumnMapping,INL_NTBK_LOGN_DATE,.LastNetBankLoginDt,INL_NTBK_LOGN_DATE,.LastNetBankLoginDt,452
Embed-ColumnMapping,INL_APP_TBLT_LOGN_DATE,.LastMobileTabletLoginDt,INL_APP_TBLT_LOGN_DATE,.LastMobileTabletLoginDt,453
Embed-ColumnMapping,INL_APP_MOBL_LOGN_DATE,.LastMobileLoginDt,INL_APP_MOBL_LOGN_DATE,.LastMobileLoginDt,454
Embed-ColumnMapping,LAST_CPLN_RSLV_GT_4W_FLAG,.LastComplaintResolvedGT4W,LAST_CPLN_RSLV_GT_4W_FLAG,.LastComplaintResolvedGT4W,455
Embed-ColumnMapping,SG_PRIM_CLNT_FLAG,.IsSGPrimaryClient,SG_PRIM_CLNT_FLAG,.IsSGPrimaryClient,456
Embed-ColumnMapping,GCRS_FLAG,.IsGCRSManaged,GCRS_FLAG,.IsGCRSManaged,457
Embed-ColumnMapping,BASS_MNGD_CUST_FLAG,.IsBASSManagedCust,BASS_MNGD_CUST_FLAG,.IsBASSManagedCust,458
Embed-ColumnMapping,INVL_PHON_CTCT_FLAG,.InvlPhonCtctFlag,INVL_PHON_CTCT_FLAG,.InvlPhonCtctFlag,459
Embed-ColumnMapping,INVL_MOBL_CTCT_FLAG,.InvlMoblCtctFlag,INVL_MOBL_CTCT_FLAG,.InvlMoblCtctFlag,460
Embed-ColumnMapping,INVL_FRST_NAME_FLAG,.InvlFirstNameFlag,INVL_FRST_NAME_FLAG,.InvlFirstNameFlag,461
Embed-ColumnMapping,INVL_EMAL_CTCT_FLAG,.InvalidEmailContactFlag,INVL_EMAL_CTCT_FLAG,.InvalidEmailContactFlag,462
Embed-ColumnMapping,INVL_ADRS_CTCT_FLAG,.InvalidAdrsContactFlag,INVL_ADRS_CTCT_FLAG,.InvalidAdrsContactFlag,463
Embed-ColumnMapping,HL_RETN_PROP_SOLD_180,.HLRetentionPropSold180,HL_RETN_PROP_SOLD_180,.HLRetentionPropSold180,464
Embed-ColumnMapping,HL_RETN_EXT_REFI_90,.HLRetentionExtRefi90,HL_RETN_EXT_REFI_90,.HLRetentionExtRefi90,465
Embed-ColumnMapping,HL_RETN_EXT_REFI_180,.HLRetentionExtRefi180,HL_RETN_EXT_REFI_180,.HLRetentionExtRefi180,466
Embed-ColumnMapping,HL_PAYOUT_RQST_DATE,.HLPayoutRqstDate,HL_PAYOUT_RQST_DATE,.HLPayoutRqstDate,467
Embed-ColumnMapping,HL_OFI_DATE_LAST_TRANSFER,.HLOFIDateLastTransfer,HL_OFI_DATE_LAST_TRANSFER,.HLOFIDateLastTransfer,468
Embed-ColumnMapping,HL_MAINT_APPT_LAST_DECL_DATE,.HLMaintLastDeclineDate,HL_MAINT_APPT_LAST_DECL_DATE,.HLMaintLastDeclineDate,469
Embed-ColumnMapping,HL_LAST_APPT_STUS_DESC,.HLLastApplicationStatusDesc,HL_LAST_APPT_STUS_DESC,.HLLastApplicationStatusDesc,470
Embed-ColumnMapping,HL_DISCHARGE_RQST_REAS,.HLDischargeRqstReason,HL_DISCHARGE_RQST_REAS,.HLDischargeRqstReason,471
Embed-ColumnMapping,HL_DISCHARGE_RQST_DATE,.HLDischargeRqstDate,HL_DISCHARGE_RQST_DATE,.HLDischargeRqstDate,472
Embed-ColumnMapping,HL_CLT_EXCL,.HLCLTExclusion,HL_CLT_EXCL,.HLCLTExclusion,473
Embed-ColumnMapping,HL_APPT_LAST_DECL_DATE,.HLApplicationLastDeclineDate,HL_APPT_LAST_DECL_DATE,.HLApplicationLastDeclineDate,474
Embed-ColumnMapping,GDW_TRIG_PASS_BOOK_ACCT_GT_500,.HasPassBookAcctGTE500,GDW_TRIG_PASS_BOOK_ACCT_GT_500,.HasPassBookAcctGTE500,475
Embed-ColumnMapping,HL_IHL_SVR,.HasHLInvestSVR,HL_IHL_SVR,.HasHLInvestSVR,476
Embed-ColumnMapping,HL_IHL_3_PDCT,.HasHLInvest3Prod,HL_IHL_3_PDCT,.HasHLInvest3Prod,477
Embed-ColumnMapping,HL_IHL_F,.HasHLInvest,HL_IHL_F,.HasHLInvest,478
Embed-ColumnMapping,GOVT_BENT_CODE,.GovtBentCode,GOVT_BENT_CODE,.GovtBentCode,479
Embed-ColumnMapping,GDW_TRIG_DPID_FLAG,.GIDPIDExclFlag,GDW_TRIG_DPID_FLAG,.GIDPIDExclFlag,480
Embed-ColumnMapping,GDW_ORG_BUSN_UNIT,.GDWOriginalBusinessUnit,GDW_ORG_BUSN_UNIT,.GDWOriginalBusinessUnit,481
Embed-ColumnMapping,GCRS_EXIT_DATE,.GCRSLastExitDate,GCRS_EXIT_DATE,.GCRSLastExitDate,482
Embed-ColumnMapping,CSE_CUST_FRAU_INDA_FLAG,.FraudFlag,CSE_CUST_FRAU_INDA_FLAG,.FraudFlag,483
Embed-ColumnMapping,FHC_PRSL_TRVL,.FHCPrslTrvl,FHC_PRSL_TRVL,.FHCPrslTrvl,484
Embed-ColumnMapping,FHC_PRSL_SGFT_PUR,.FHCPrslSgftPur,FHC_PRSL_SGFT_PUR,.FHCPrslSgftPur,485
Embed-ColumnMapping,FHC_PRSL_RLOC,.FHCPrslRloc,FHC_PRSL_RLOC,.FHCPrslRloc,486
Embed-ColumnMapping,FHC_PRSL_RFNC_HL,.FHCPrslRfncHL,FHC_PRSL_RFNC_HL,.FHCPrslRfncHL,487
Embed-ColumnMapping,FHC_PRSL_RETR,.FHCPrslRetr,FHC_PRSL_RETR,.FHCPrslRetr,488
Embed-ColumnMapping,FHC_PRSL_REDT_DEBT,.FHCPrslRedtDebt,FHC_PRSL_REDT_DEBT,.FHCPrslRedtDebt,489
Embed-ColumnMapping,FHC_PRSL_PROP_PUR,.FHCPrslPropPur,FHC_PRSL_PROP_PUR,.FHCPrslPropPur,490
Embed-ColumnMapping,FHC_PRSL_PROP_INVT,.FHCPrslPropInvt,FHC_PRSL_PROP_INVT,.FHCPrslPropInvt,491
Embed-ColumnMapping,FHC_PRSL_PROP_BILD,.FHCPrslPropBild,FHC_PRSL_PROP_BILD,.FHCPrslPropBild,492
Embed-ColumnMapping,FHC_PRSL_INVT,.FHCPrslInvt,FHC_PRSL_INVT,.FHCPrslInvt,493
Embed-ColumnMapping,FHC_PRSL_IMPV_PROP,.FHCPrslImpvProp,FHC_PRSL_IMPV_PROP,.FHCPrslImpvProp,494
Embed-ColumnMapping,FHC_PRSL_GET_MARR,.FHCPrslGetMarr,FHC_PRSL_GET_MARR,.FHCPrslGetMarr,495
Embed-ColumnMapping,FHC_PRSL_EDUC,.FHCPrslEduc,FHC_PRSL_EDUC,.FHCPrslEduc,496
Embed-ColumnMapping,FHC_PRSL_BUY_A_CAR,.FHCPrslBuyACar,FHC_PRSL_BUY_A_CAR,.FHCPrslBuyACar,497
Embed-ColumnMapping,FHC_MNGE_CSHF_DTD_BANK,.FHCMngeCshfDtdBank,FHC_MNGE_CSHF_DTD_BANK,.FHCMngeCshfDtdBank,498
Embed-ColumnMapping,FHC_FNCL_PEAC_OF_MIND,.FHCFnclPeacOfMind,FHC_FNCL_PEAC_OF_MIND,.FHCFnclPeacOfMind,499
Embed-ColumnMapping,FHC_BUSN_STRT,.FHCBusnStrt,FHC_BUSN_STRT,.FHCBusnStrt,500
Embed-ColumnMapping,FHC_BUSN_SIG_PUR,.FHCBusnSigPur,FHC_BUSN_SIG_PUR,.FHCBusnSigPur,501
Embed-ColumnMapping,FHC_BUSN_OTHR,.FHCBusnOthr,FHC_BUSN_OTHR,.FHCBusnOthr,502
Embed-ColumnMapping,FHC_BUSN_GROW,.FHCBusnGrow,FHC_BUSN_GROW,.FHCBusnGrow,503
Embed-ColumnMapping,FHC_BUSN_EXIT,.FHCBusnExit,FHC_BUSN_EXIT,.FHCBusnExit,504
Embed-ColumnMapping,EXT_OR_BPB_CPLN_6M_FLAG,.ExternalOrBPBComplaint6M,EXT_OR_BPB_CPLN_6M_FLAG,.ExternalOrBPBComplaint6M,505
Embed-ColumnMapping,ENTY_TYPE_DESC,.EntityTypeDescription,ENTY_TYPE_DESC,.EntityTypeDescription,506
Embed-ColumnMapping,ENTY_TYPE_CODE,.EntityTypeCode,ENTY_TYPE_CODE,.EntityTypeCode,507
Embed-ColumnMapping,ENTY_SBTY_DESC,.EntitySubtypeDescription,ENTY_SBTY_DESC,.EntitySubtypeDescription,508
Embed-ColumnMapping,ENTY_SBTY_CODE,.EntitySubtypeCode,ENTY_SBTY_CODE,.EntitySubtypeCode,509
Embed-ColumnMapping,EMAL_HARD_BUNC_FLAG,.EmailHardBounceFlag,EMAL_HARD_BUNC_FLAG,.EmailHardBounceFlag,510
Embed-ColumnMapping,DUPL_CUST_IDNN,.DuplicateCustomerID,DUPL_CUST_IDNN,.DuplicateCustomerID,511
Embed-ColumnMapping,DIRC_MRKT_ALLOW_F,.DircMrktAllowF,DIRC_MRKT_ALLOW_F,.DircMrktAllowF,512
Embed-ColumnMapping,DIRC_MRKT_ALLOW_DATE,.DircMrktAllowDate,DIRC_MRKT_ALLOW_DATE,.DircMrktAllowDate,513
Embed-ColumnMapping,CV30_TRAN_TRAN_INCR,.CV30TransactionIncremental,CV30_TRAN_TRAN_INCR,.CV30TransactionIncremental,514
Embed-ColumnMapping,CV30_TD_TD_INCR,.CV30TermDepositIncremental,CV30_TD_TD_INCR,.CV30TermDepositIncremental,515
Embed-ColumnMapping,CV30_SUPN_SUPN_INCR,.CV30SuperannuationIncr,CV30_SUPN_SUPN_INCR,.CV30SuperannuationIncr,516
Embed-ColumnMapping,CV30_SAVE_SAVE_INCR,.CV30SavingsIncremental,CV30_SAVE_SAVE_INCR,.CV30SavingsIncremental,517
Embed-ColumnMapping,CV30_CLV,.CV30RiskAdjustedRevenue,CV30_CLV,.CV30RiskAdjustedRevenue,518
Embed-ColumnMapping,CV30_PL_PL_OVDR_INCR,.CV30PLOverDraftIncremental,CV30_PL_PL_OVDR_INCR,.CV30PLOverDraftIncremental,519
Embed-ColumnMapping,CV30_PL_PL_INCR,.CV30PLAndOverDrIncremental,CV30_PL_PL_INCR,.CV30PLAndOverDrIncremental,520
Embed-ColumnMapping,CV30_OTHR_BUSN_INCR,.CV30OtherBusinessIncrmntal,CV30_OTHR_BUSN_INCR,.CV30OtherBusinessIncrmntal,521
Embed-ColumnMapping,CV30_INVT_INVT_INCR,.CV30InvestmentAccountIncr,CV30_INVT_INVT_INCR,.CV30InvestmentAccountIncr,522
Embed-ColumnMapping,CV30_INSR_LIFE_TRMA_INCR,.CV30InsuranceLifeTraumaInc,CV30_INSR_LIFE_TRMA_INCR,.CV30InsuranceLifeTraumaInc,523
Embed-ColumnMapping,CV30_INSR_INCM_LOAN_INCR,.CV30InsuranceIncomeLoanInc,CV30_INSR_INCM_LOAN_INCR,.CV30InsuranceIncomeLoanInc,524
Embed-ColumnMapping,CV30_INSR_HOME_MOTR_INCR,.Cv30InsuranceHomeMotrIncr,CV30_INSR_HOME_MOTR_INCR,.Cv30InsuranceHomeMotrIncr,525
Embed-ColumnMapping,CV30_HL_STND_INCR,.CV30HLStandardIncremental,CV30_HL_STND_INCR,.CV30HLStandardIncremental,526
Embed-ColumnMapping,CV30_HL_FIX_INCR,.CV30HLFixedIncremental,CV30_HL_FIX_INCR,.CV30HLFixedIncremental,527
Embed-ColumnMapping,CV30_HL_BSIC_INCR,.CV30HLBasicIncremental,CV30_HL_BSIC_INCR,.CV30HLBasicIncremental,528
Embed-ColumnMapping,CV30_CRCD_STND_INCR,.CV30CCStandardIncremental,CV30_CRCD_STND_INCR,.CV30CCStandardIncremental,529
Embed-ColumnMapping,CV30_CRCD_PREM_INCR,.Cv30CCPremiumIncremental,CV30_CRCD_PREM_INCR,.Cv30CCPremiumIncremental,530
Embed-ColumnMapping,CV30_CRCD_LOW_RATE_INCR,.CV30CCLowRateIncremental,CV30_CRCD_LOW_RATE_INCR,.CV30CCLowRateIncremental,531
Embed-ColumnMapping,GDW_CUST_WEB_TRAK_ID,.CustWebTrackerId,GDW_CUST_WEB_TRAK_ID,.CustWebTrackerId,532
Embed-ColumnMapping,TRVL_END_DATE,.CustTravelReturnDate,TRVL_END_DATE,.CustTravelReturnDate,533
Embed-ColumnMapping,TRVL_STRT_DATE,.CustTravelDepartureDate,TRVL_STRT_DATE,.CustTravelDepartureDate,534
Embed-ColumnMapping,CUST_STUS_AMLV,.CustStusAMLV,CUST_STUS_AMLV,.CustStusAMLV,535
Embed-ColumnMapping,CSE_CUST_RESI_STUS_FLAG,.CustResidenceStatus,CSE_CUST_RESI_STUS_FLAG,.CustResidenceStatus,536
Embed-ColumnMapping,CUST_REGR_NPP,.CustRegrNPP,CUST_REGR_NPP,.CustRegrNPP,537
Embed-ColumnMapping,REGR_MOBL_PAYT,.CustRegisteredForMobPymts,REGR_MOBL_PAYT,.CustRegisteredForMobPymts,538
Embed-ColumnMapping,CUST_VERF_DATE,.CustomerVerificationDate,CUST_VERF_DATE,.CustomerVerificationDate,539
Embed-ColumnMapping,CUST_NTB_ID,.CustomerNetbankId,CUST_NTB_ID,.CustomerNetbankId,540
Embed-ColumnMapping,CUST_MFS_FLAG,.CustomerMFSFlag,CUST_MFS_FLAG,.CustomerMFSFlag,541
Embed-ColumnMapping,CUST_ABN_FLAG,.CustomerHasAbn,CUST_ABN_FLAG,.CustomerHasAbn,542
Embed-ColumnMapping,CUST_FOOT_BAND,.CustomerFootingBand,CUST_FOOT_BAND,.CustomerFootingBand,543
Embed-ColumnMapping,CUST_FRST_ACCT_DATE,.CustomerFirstAcctDate,CUST_FRST_ACCT_DATE,.CustomerFirstAcctDate,544
Embed-ColumnMapping,CUST_NPP_CLIK_NOTC_ME_FLAG,.CustNppClikNotcMeFlag,CUST_NPP_CLIK_NOTC_ME_FLAG,.CustNppClikNotcMeFlag,545
Embed-ColumnMapping,CUST_HAS_GS_FLAG,.CustHasGSProduct,CUST_HAS_GS_FLAG,.CustHasGSProduct,546
Embed-ColumnMapping,CUST_HAS_ES_FLAG,.CustHasESProduct,CUST_HAS_ES_FLAG,.CustHasESProduct,547
Embed-ColumnMapping,CUST_HAS_CFS_FLAG,.CustHasCFSProduct,CUST_HAS_CFS_FLAG,.CustHasCFSProduct,548
Embed-ColumnMapping,CUST_CRS_FLAG,.CustCRSFlag,CUST_CRS_FLAG,.CustCRSFlag,549
Embed-ColumnMapping,CSE_WORK_PLAC_FLAG,.CseWorkPlacFlag,CSE_WORK_PLAC_FLAG,.CseWorkPlacFlag,550
Embed-ColumnMapping,CRS_COMPL_DATE,.CRSCompletionDate,CRS_COMPL_DATE,.CRSCompletionDate,551
Embed-ColumnMapping,CPS_T_BAND_MOTR,.CPSTBandMotor,CPS_T_BAND_MOTR,.CPSTBandMotor,552
Embed-ColumnMapping,CPS_T_BAND_HOME,.CPSTBandHome,CPS_T_BAND_HOME,.CPSTBandHome,553
Embed-ColumnMapping,CPS_BAND_MOTR,.CPSBandMotor,CPS_BAND_MOTR,.CPSBandMotor,554
Embed-ColumnMapping,CPS_BAND_HOME,.CPSBandHome,CPS_BAND_HOME,.CPSBandHome,555
Embed-ColumnMapping,COMP_BYND_PAST_180_DAYS_CNT,.CountOfComplaintsBynd180,COMP_BYND_PAST_180_DAYS_CNT,.CountOfComplaintsBynd180,556
Embed-ColumnMapping,COMP_PAST_150_180_DAYS_CNT,.CountOfComplaints150To180,COMP_PAST_150_180_DAYS_CNT,.CountOfComplaints150To180,557
Embed-ColumnMapping,COMP_PAST_120_150_DAYS_CNT,.CountOfComplaints120To150,COMP_PAST_120_150_DAYS_CNT,.CountOfComplaints120To150,558
Embed-ColumnMapping,CLSE_CPLN_QWIK_RSLV_F,.ComplaintQwikRslvFlag,CLSE_CPLN_QWIK_RSLV_F,.ComplaintQwikRslvFlag,559
Embed-ColumnMapping,OPEN_CPLN_F,.ComplaintOpenFlag,OPEN_CPLN_F,.ComplaintOpenFlag,560
Embed-ColumnMapping,CLSE_MULTI_CPLN_F,.ComplaintMultiClseFlag,CLSE_MULTI_CPLN_F,.ComplaintMultiClseFlag,561
Embed-ColumnMapping,CLSE_CPLN_INTR_DSPT_RSLV_F,.ComplaintIntrDsptRslvFlag,CLSE_CPLN_INTR_DSPT_RSLV_F,.ComplaintIntrDsptRslvFlag,562
Embed-ColumnMapping,CLSE_CPLN_FRNT_LINE_RSLV_F,.ComplaintFrntLineRslvFlag,CLSE_CPLN_FRNT_LINE_RSLV_F,.ComplaintFrntLineRslvFlag,563
Embed-ColumnMapping,CLSE_CPLN_EXTL_DSPT_RSLV_F,.ComplaintExtlDsptRslvFlag,CLSE_CPLN_EXTL_DSPT_RSLV_F,.ComplaintExtlDsptRslvFlag,564
Embed-ColumnMapping,GDW_CMF_SEGMENT,.CMFSegment,GDW_CMF_SEGMENT,.CMFSegment,565
Embed-ColumnMapping,CLG_PROP_TITL_FLAG,.ClgPropTitleFlag,CLG_PROP_TITL_FLAG,.ClgPropTitleFlag,566
Embed-ColumnMapping,CLG_PROP_FOR_SALE_TITL_FLAG,.ClgPropForSaleTitleHolder,CLG_PROP_FOR_SALE_TITL_FLAG,.ClgPropForSaleTitleHolder,567
Embed-ColumnMapping,CLG_PROP_FOR_SALE_LIST_PRIC,.ClgPropForSaleListPrice,CLG_PROP_FOR_SALE_LIST_PRIC,.ClgPropForSaleListPrice,568
Embed-ColumnMapping,CLG_PROP_FOR_SALE_LIST_DATE,.ClgPropForSaleListDate,CLG_PROP_FOR_SALE_LIST_DATE,.ClgPropForSaleListDate,569
Embed-ColumnMapping,CLG_PROP_FOR_SALE_FLAG,.ClgPropForSaleFlag,CLG_PROP_FOR_SALE_FLAG,.ClgPropForSaleFlag,570
Embed-ColumnMapping,CIBI_NEXT_RNEW_UNKN_DATE,.CIBINextRnewUnknownDate,CIBI_NEXT_RNEW_UNKN_DATE,.CIBINextRnewUnknownDate,571
Embed-ColumnMapping,CIBI_NEXT_RNEW_MOTR_DATE,.CIBINextRnewMotorDate,CIBI_NEXT_RNEW_MOTR_DATE,.CIBINextRnewMotorDate,572
Embed-ColumnMapping,CIBI_NEXT_RNEW_HOME_DATE,.CIBINextRnewHomeDate,CIBI_NEXT_RNEW_HOME_DATE,.CIBINextRnewHomeDate,573
Embed-ColumnMapping,CIBI_INSR_MOTR,.CIBIInsurerMotor,CIBI_INSR_MOTR,.CIBIInsurerMotor,574
Embed-ColumnMapping,CC_RISK_FILE_LAST_UPDATE_DATE,.CcRiskFileLastUpdateDate,CC_RISK_FILE_LAST_UPDATE_DATE,.CcRiskFileLastUpdateDate,575
Embed-ColumnMapping,CSC_CC_RISK_APRD_LIMT,.CCRiskApprovedLimit,CSC_CC_RISK_APRD_LIMT,.CCRiskApprovedLimit,576
Embed-ColumnMapping,CSC_CC_RISK_STUS,.CCRiskApprovalStatus,CSC_CC_RISK_STUS,.CCRiskApprovalStatus,577
Embed-ColumnMapping,GDW_CC_QFF_OPTI_F,.CCQantasFreqFlyerOptInFlag,GDW_CC_QFF_OPTI_F,.CCQantasFreqFlyerOptInFlag,578
Embed-ColumnMapping,CC_PREAPPROVED_SCORE,.CcPreApprovedScore,CC_PREAPPROVED_SCORE,.CcPreApprovedScore,579
Embed-ColumnMapping,CC_PREAPPROVED_AMOUNT,.CcPreApprovedAmount,CC_PREAPPROVED_AMOUNT,.CcPreApprovedAmount,580
Embed-ColumnMapping,CC_LST_APPT_STUS_DESC,.CCLastApplicationStatusDesc,CC_LST_APPT_STUS_DESC,.CCLastApplicationStatusDesc,581
Embed-ColumnMapping,CSE_CRCD_CLI_CNST_FLAG,.CCHasCLIConsent,CSE_CRCD_CLI_CNST_FLAG,.CCHasCLIConsent,582
Embed-ColumnMapping,CC_APPT_LAST_DECL_DATE,.CCApplicationLastDeclineDate,CC_APPT_LAST_DECL_DATE,.CCApplicationLastDeclineDate,583
Embed-ColumnMapping,LTST_CBA_APPT_VERS,.CBAAppVersion,LTST_CBA_APPT_VERS,.CBAAppVersion,584
Embed-ColumnMapping,NUMB_OF_PROR,.BusnNumberOfProprietors,NUMB_OF_PROR,.BusnNumberOfProprietors,585
Embed-ColumnMapping,NUMB_OF_DIRC,.BusnNumberOfDirectors,NUMB_OF_DIRC,.BusnNumberOfDirectors,586
Embed-ColumnMapping,BUSN_BANK_SPEC_IDNN,.BusnBankSpecIdnn,BUSN_BANK_SPEC_IDNN,.BusnBankSpecIdnn,587
Embed-ColumnMapping,BUSN_UNIT,.BusinessUnit,BUSN_UNIT,.BusinessUnit,588
Embed-ColumnMapping,GCPS_CRCD_BUSN_UACT_VISA_CNT,.BusCountUnactivatedVisa,GCPS_CRCD_BUSN_UACT_VISA_CNT,.BusCountUnactivatedVisa,589
Embed-ColumnMapping,GCPS_DRCD_BUSN_UACT_CNT,.BusCountDebitCardsUnactive,GCPS_DRCD_BUSN_UACT_CNT,.BusCountDebitCardsUnactive,590
Embed-ColumnMapping,BBL_US_AMT,.BBLUnsecuredAmount,BBL_US_AMT,.BBLUnsecuredAmount,591
Embed-ColumnMapping,BBL_TOT_AMT,.BBLTotalAmount,BBL_TOT_AMT,.BBLTotalAmount,592
Embed-ColumnMapping,BBL_ELGL_CODE,.BBLElglCode,BBL_ELGL_CODE,.BBLElglCode,593
Embed-ColumnMapping,AUTR_CPLN_6M_FLAG,.AustracComplaintFlag6M,AUTR_CPLN_6M_FLAG,.AustracComplaintFlag6M,594
Embed-ColumnMapping,CC_APPT_PDCT_SCHM,.AppCCPdctSchm,CC_APPT_PDCT_SCHM,.AppCCPdctSchm,595
Embed-ColumnMapping,CC_APPT_PDCT_TIER,.AppCCCardTier,CC_APPT_PDCT_TIER,.AppCCCardTier,596
Embed-ColumnMapping,ANZI_DIVN_CODE,.ANZSICIndustryDivision,ANZI_DIVN_CODE,.ANZSICIndustryDivision,597
Embed-ColumnMapping,ANZI_CODE,.ANZSICIndustryCode,ANZI_CODE,.ANZSICIndustryCode,598
Embed-ColumnMapping,LAST_3M_SENT_MONY_VIA_MOBL,.AmountSentViaMobInLst3M,LAST_3M_SENT_MONY_VIA_MOBL,.AmountSentViaMobInLst3M,599
Embed-ColumnMapping,AML_CUST_VERF_FLAG,.AMLCustVerificationFlag,AML_CUST_VERF_FLAG,.AMLCustVerificationFlag,600
Embed-ColumnMapping,AML_CUST_VERF_DATE,.AMLCustVerificationDate,AML_CUST_VERF_DATE,.AMLCustVerificationDate,601
Embed-ColumnMapping,AF_APPT_LAST_DECL_DATE,.AFAppLastDeclineDate,AF_APPT_LAST_DECL_DATE,.AFAppLastDeclineDate,602
Embed-ColumnMapping,ACCT_IN_COLL_FLAG,.AcctInCollFlag,ACCT_IN_COLL_FLAG,.AcctInCollFlag,603
Embed-ColumnMapping,GRUP_SECU_UNDS_CUST_FLAG,.GrupSecuUndsCustFlag,GRUP_SECU_UNDS_CUST_FLAG,.GrupSecuUndsCustFlag,604
Embed-ColumnMapping,CUST_GNDR_CODE,.GenderCode,CUST_GNDR_CODE,.GenderCode,605
Embed-ColumnMapping,CARD_PRVN,.CardPrvn,CARD_PRVN,.CardPrvn,606
Embed-ColumnMapping,IPHONE_REGR_DVIC,.IPhoneRegrFlag,IPHONE_REGR_DVIC,.IPhoneRegrFlag,607
Embed-ColumnMapping,IPHONE_REGR_DVIC_5PLUS,.IPhone5plusRegrFlag,IPHONE_REGR_DVIC_5PLUS,.IPhone5plusRegrFlag,608
Embed-ColumnMapping,ANDR_MOBL_REGR_DVIC,.AndrMoblRegrFlag,ANDR_MOBL_REGR_DVIC,.AndrMoblRegrFlag,609
Embed-ColumnMapping,CFP_XPLAN_ENTITY_STATUS,.CfpXplanEntityStatus,CFP_XPLAN_ENTITY_STATUS,.CfpXplanEntityStatus,610
Embed-ColumnMapping,FHC_PRSL_OTHR,.FHCPrslOthr,FHC_PRSL_OTHR,.FHCPrslOthr,611
Embed-ColumnMapping,FHC_PRSL_GET_MARR,.FHCPrslGetMarr,FHC_PRSL_GET_MARR,.FHCPrslGetMarr,612
Embed-ColumnMapping,AP_PRVN_NOT_COMP_F,.ProvisionNotCompleted,AP_PRVN_NOT_COMP_F,.ProvisionNotCompleted,613
Embed-ColumnMapping,VISA_TYPE,.VisaType,VISA_TYPE,.VisaType,614
Embed-ColumnMapping,AUST_ARRIVAL_DATE,.AustArrivalDate,AUST_ARRIVAL_DATE,.AustArrivalDate,615
Embed-ColumnMapping,APPLE_PAY_USE,.ApplePayUse,APPLE_PAY_USE,.ApplePayUse,616
Embed-ColumnMapping,PROP_MODL_HOME_INSR_ACQN_1S,.PropensityHomeInsrAcqn1s,PROP_MODL_HOME_INSR_ACQN_1S,.PropensityHomeInsrAcqn1s,617
Embed-ColumnMapping,PROP_MODL_PRSL_LOAN_RDRW_1B,.PropensityPrslLoanRdrw1b,PROP_MODL_PRSL_LOAN_RDRW_1B,.PropensityPrslLoanRdrw1b,618
Embed-ColumnMapping,PROP_MODL_PRSL_LOAN_TURF_1B,.PropensityPrslLoanTurf1b,PROP_MODL_PRSL_LOAN_TURF_1B,.PropensityPrslLoanTurf1b,619
Embed-ColumnMapping,PROP_MODL_HLPR_INSR_ACQN_1S,.PropensityHlprInsrAcqn1s,PROP_MODL_HLPR_INSR_ACQN_1S,.PropensityHlprInsrAcqn1s,620
Embed-ColumnMapping,PROP_MODL_MOTR_INSR_ACQN_1S,.PropensityMotrInsrAcqn1s,PROP_MODL_MOTR_INSR_ACQN_1S,.PropensityMotrInsrAcqn1s,621
Embed-ColumnMapping,RDO1865_F,.Rdo1865F,RDO1865_F,.Rdo1865F,622
Embed-ColumnMapping,PROP_MODL_TRAN_ACCT_LOOK,.PropensityTranLook,PROP_MODL_TRAN_ACCT_LOOK,.PropensityTranLook,623
Embed-ColumnMapping,LAST_CPLN_RSLV_DATE,.LastComplaintResolvedDate,LAST_CPLN_RSLV_DATE,.LastComplaintResolvedDate,624
Embed-ColumnMapping,ZUNVERIFIED_CONCESSIONCARD,.HasConcessionCard,ZUNVERIFIED_CONCESSIONCARD,.HasConcessionCard,625
Embed-ColumnMapping,ZUNVERIFIED_HEALTHCARECARD,.HasHealthCareCard,ZUNVERIFIED_HEALTHCARECARD,.HasHealthCareCard,626
Embed-ColumnMapping,ZUNVERIFIED_DVAGOLDCARD,.HasDVAGoldCard,ZUNVERIFIED_DVAGOLDCARD,.HasDVAGoldCard,627
Embed-ColumnMapping,ZUNVERIFIED_DVAGOLD_WWTPIDP,.HasDVAGoldCardWWTPIDP,ZUNVERIFIED_DVAGOLD_WWTPIDP,.HasDVAGoldCardWWTPIDP,628
Embed-ColumnMapping,ZUNVERIFIED_CEN_PENSIONCARD,.HasCenPensionCard,ZUNVERIFIED_CEN_PENSIONCARD,.HasCenPensionCard,629
Embed-ColumnMapping,ZUNVERIFIED_SENIOR_HEALTHCARD,.HasSeniorHealthCard,ZUNVERIFIED_SENIOR_HEALTHCARD,.HasSeniorHealthCard,630
Embed-ColumnMapping,ZUNVERIFIED_UTL_ACCHOLDER,.UtilityAcctHolder,ZUNVERIFIED_UTL_ACCHOLDER,.UtilityAcctHolder,631
Embed-ColumnMapping,ZUNVERIFIED_UTL_GAS,.GasAcctHolder,ZUNVERIFIED_UTL_GAS,.GasAcctHolder,632
Embed-ColumnMapping,ZUNVERIFIED_UTL_ELECTRICITY,.ElectricityAcctHolder,ZUNVERIFIED_UTL_ELECTRICITY,.ElectricityAcctHolder,633
Embed-ColumnMapping,ZUNVERIFIED_UTL_WATER,.WaterAcctHolder,ZUNVERIFIED_UTL_WATER,.WaterAcctHolder,634
Embed-ColumnMapping,ZUNVERIFIED_MOTOR_DRIVER_LIC,.HasMotorDriverLicense,ZUNVERIFIED_MOTOR_DRIVER_LIC,.HasMotorDriverLicense,635
Embed-ColumnMapping,ZUNVERIFIED_CHILDREN_UNDER18,.ChildrenUnder18,ZUNVERIFIED_CHILDREN_UNDER18,.ChildrenUnder18,636
Embed-ColumnMapping,ZUNVERIFIED_MOTOR_VEHICLE,.HasMotorVehicle,ZUNVERIFIED_MOTOR_VEHICLE,.HasMotorVehicle,637
Embed-ColumnMapping,ZUNVERIFIED_DISABILITY_SUP,.DisabilitySupport,ZUNVERIFIED_DISABILITY_SUP,.DisabilitySupport,638
Embed-ColumnMapping,ZUNVERIFIED_EDU_ASSIST,.EducationAssistCategory,ZUNVERIFIED_EDU_ASSIST,.EducationAssistCategory,639
Embed-ColumnMapping,ZUNVERIFIED_MEDICAL_COND,.HasMedicalConditions,ZUNVERIFIED_MEDICAL_COND,.HasMedicalConditions,640
Embed-ColumnMapping,ZUNVERIFIED_SOLAR_ENERGY,.SolarEnergyCategory,ZUNVERIFIED_SOLAR_ENERGY,.SolarEnergyCategory,641
Embed-ColumnMapping,ZUNVERIFIED_NATURAL_DISASTER,.NaturalDisasterCategory,ZUNVERIFIED_NATURAL_DISASTER,.NaturalDisasterCategory,642
Embed-ColumnMapping,ZUNVERIFIED_VEHICLE,.VehicleCategory,ZUNVERIFIED_VEHICLE,.VehicleCategory,643
Embed-ColumnMapping,ZUNVERIFIED_REMOTE_TRAVEL,.RemoteTrvlAssistCategory,ZUNVERIFIED_REMOTE_TRAVEL,.RemoteTrvlAssistCategory,644
Embed-ColumnMapping,ZUNVERIFIED_PROPERTY,.PropertyCategory,ZUNVERIFIED_PROPERTY,.PropertyCategory,645
Embed-ColumnMapping,ZUNVERIFIED_STATE_SENIORS_CARD,.HasStateSeniorCard,ZUNVERIFIED_STATE_SENIORS_CARD,.HasStateSeniorCard,646
Embed-ColumnMapping,ZUNVERIFIED_ATTR_ATTEMPTED,.BFAttributeAttemptedCount,ZUNVERIFIED_ATTR_ATTEMPTED,.BFAttributeAttemptedCount,647
Embed-ColumnMapping,ZUNVERIFIED_EVENT_CREATED,.EventCreated,ZUNVERIFIED_EVENT_CREATED,.EventCreated,648
Embed-ColumnMapping,DIGIEXP1,.DigiExp1,DIGIEXP1,.DigiExp1,649
Embed-ColumnMapping,DIGIEXP10,.DigiExp10,DIGIEXP10,.DigiExp10,650
Embed-ColumnMapping,DIGIEXP2,.DigiExp2,DIGIEXP2,.DigiExp2,651
Embed-ColumnMapping,DIGIEXP3,.DigiExp3,DIGIEXP3,.DigiExp3,652
Embed-ColumnMapping,DIGIEXP4,.DigiExp4,DIGIEXP4,.DigiExp4,653
Embed-ColumnMapping,DIGIEXP5,.DigiExp5,DIGIEXP5,.DigiExp5,654
Embed-ColumnMapping,DIGIEXP6,.DigiExp6,DIGIEXP6,.DigiExp6,655
Embed-ColumnMapping,DIGIEXP7,.DigiExp7,DIGIEXP7,.DigiExp7,656
Embed-ColumnMapping,DIGIEXP8,.DigiExp8,DIGIEXP8,.DigiExp8,657
Embed-ColumnMapping,DIGIEXP9,.DigiExp9,DIGIEXP9,.DigiExp9,658
Embed-ColumnMapping,LENDER_TRAITS_ID,.LenderTraitsId,LENDER_TRAITS_ID,.LenderTraitsId,659
Embed-ColumnMapping,AP_PRVN_DATE,.CardProvisioningDate,AP_PRVN_DATE,.CardProvisioningDate,660
Embed-ColumnMapping,CRS_SELF_CERTIFICATED,.CRSSelfCertificated,CRS_SELF_CERTIFICATED,.CRSSelfCertificated,661
Embed-ColumnMapping,CCL_LAST_DCLN_DATE,.CCLLastDeclineDate,CCL_LAST_DCLN_DATE,.CCLLastDeclineDate,662
Embed-ColumnMapping,WEB_NP_OPT_OUT_F,.WebNewProdOptOutFlag,WEB_NP_OPT_OUT_F,.WebNewProdOptOutFlag,663
Embed-ColumnMapping,BPB_WTCH_LIST_FLAG,.BPBWatchListFlag,BPB_WTCH_LIST_FLAG,.BPBWatchListFlag,664
Embed-ColumnMapping,WEB_PU_OPT_OUT_F,.WebProdUpgrdOptOutFlag,WEB_PU_OPT_OUT_F,.WebProdUpgrdOptOutFlag,665
Embed-ColumnMapping,BUSN_CNT_PDCT_CARD_SCHM_OTHR,.BusCountOtherCreditCards,BUSN_CNT_PDCT_CARD_SCHM_OTHR,.BusCountOtherCreditCards,666
Embed-ColumnMapping,MAX_SETL_DATE_HL,.MaxSetlDateHL,MAX_SETL_DATE_HL,.MaxSetlDateHL,667
Embed-ColumnMapping,MAC_MEMB_SEGM_CODE,.MacMembSegmCode,MAC_MEMB_SEGM_CODE,.MacMembSegmCode,668
Embed-ColumnMapping,NETB_REGN_DATE,.NetBankRegnDate,NETB_REGN_DATE,.NetBankRegnDate,669
Embed-ColumnMapping,CAPP_FRST_LOGN_DATE,.CommbankAppFirstLoginDate,CAPP_FRST_LOGN_DATE,.CommbankAppFirstLoginDate,670
